,booking_amount,booking_amount_cat,booking_amount_cat_3,booking_clusters,bookings,bookings_cat,bookings_cat_2,clicks,clicks_cat,group_control,group_nan,group_test,outgoings,outgoings_cat,platform_AU,platform_BR,platform_DE,platform_JP,platform_UK,platform_US,revenue,revenue_cat,revenue_cat_2,visits,visits_cat,ymd,ymd_2
0,215244.300976592,0,0,2,1072,0,0,17289,1,0,0,1,191492.1113938941,0,0,0,0,0,0,1,23752.1895826979,0,0,19219,1,20190201,20190201
1,2176644.08828485,4,4,0,11775,5,5,184276,6,1,0,0,1926475.01984912,4,0,0,0,0,0,1,250169.06843573,8,8,204923,6,20190201,20190201
2,92056.38965635221,0,0,3,492,0,0,13273,0,0,0,1,81675.28276409852,0,0,0,1,0,0,0,10381.1068922537,0,0,14788,0,20190201,20190201
3,771990.890331268,1,1,1,3621,1,1,95555,3,1,0,0,699427.3662563739,1,0,0,1,0,0,0,72563.5240748939,2,2,106112,3,20190201,20190201
4,100340.507502767,0,0,3,486,0,0,12441,0,0,0,1,89867.7464077225,0,0,0,0,0,1,0,10472.7610950445,0,0,13823,0,20190201,20190201
5,677462.291937589,1,1,1,3506,1,1,90307,3,1,0,0,592946.8645115956,1,0,0,0,0,1,0,84515.4274259934,3,3,100318,3,20190201,20190201
6,43151.0262933075,0,0,4,203,0,0,3904,0,0,0,1,38949.08248110967,0,1,0,0,0,0,0,4201.943812197829,0,0,4328,0,20190201,20190201
7,438246.250289366,1,1,1,2190,1,1,45458,1,1,0,0,393536.1416532156,1,1,0,0,0,0,0,44710.1086361504,1,1,50528,1,20190201,20190201
8,23903.665597837095,0,0,4,108,0,0,4009,0,0,0,1,22140.464950397934,0,0,1,0,0,0,0,1763.20064743916,0,0,4465,0,20190201,20190201
9,224082.350997238,0,0,2,988,0,0,33590,1,1,0,0,212702.1476521673,0,0,1,0,0,0,0,11380.2033450707,0,0,37271,1,20190201,20190201
10,11974.036074670601,0,0,4,60,0,0,2700,0,0,0,1,9165.599279334308,0,0,0,0,1,0,0,2808.43679533629,0,0,2978,0,20190201,20190201
11,114888.357647329,0,0,3,550,0,0,26338,1,1,0,0,93921.3079665276,0,0,0,0,1,0,0,20967.0496808014,0,0,29259,1,20190201,20190201
12,258142.78373484602,0,0,7,1247,0,0,19563,1,0,0,1,234538.25893163163,0,0,0,0,0,0,1,23604.5248032144,0,0,21743,1,20190202,20190202
13,2667633.16943432,5,5,0,12841,5,5,204657,7,1,0,0,2427235.554513593,5,0,0,0,0,0,1,240397.614920727,8,8,227574,7,20190202,20190202
14,101557.490663797,0,0,3,482,0,0,12662,0,0,0,1,94623.23094650118,0,0,0,1,0,0,0,6934.2597172958385,0,0,14054,0,20190202,20190202
15,749993.1237459229,1,1,1,3577,1,1,95766,3,1,0,0,677268.9386854806,1,0,0,1,0,0,0,72724.18506044231,2,2,106468,3,20190202,20190202
16,107024.445610395,0,0,3,533,0,0,14943,0,0,0,1,96977.6573474938,0,0,0,0,0,1,0,10046.7882629012,0,0,16632,0,20190202,20190202
17,726181.47671878,1,1,1,3501,1,1,93648,3,1,0,0,656631.5926700254,1,0,0,0,0,1,0,69549.88404875441,2,2,104182,3,20190202,20190202
18,48691.0209247917,0,0,4,220,0,0,4285,0,0,0,1,44098.91177131833,0,1,0,0,0,0,0,4592.10915347337,0,0,4745,0,20190202,20190202
19,465344.337639666,1,1,1,2321,1,1,46739,2,1,0,0,414351.2743084283,1,1,0,0,0,0,0,50993.063331237696,1,1,51690,2,20190202,20190202
20,26221.33835706,0,0,4,128,0,0,4322,0,0,0,1,24278.95016028604,0,0,1,0,0,0,0,1942.3881967739605,0,0,4797,0,20190202,20190202
21,250144.205898771,0,0,7,1219,0,0,39253,1,1,0,0,235139.0812408239,0,0,1,0,0,0,0,15005.124657947099,0,0,43589,1,20190202,20190202
22,12526.582753653203,0,0,4,59,0,0,3653,0,0,0,1,9853.19332654264,0,0,0,0,1,0,0,2673.3894271105605,0,0,4062,0,20190202,20190202
23,107992.44131954,0,0,3,563,0,0,29252,1,1,0,0,85539.3967199149,0,0,0,0,1,0,0,22453.044599625096,0,0,32571,1,20190202,20190202
24,217774.96843192398,0,0,2,1112,0,0,17864,1,0,0,1,197971.5801099588,0,0,0,0,0,0,1,19803.3883219652,0,0,19865,1,20190203,20190203
25,2662218.20429073,5,5,0,13345,5,5,212363,7,1,0,0,2361160.02810171,5,0,0,0,0,0,1,301058.17618902,8,8,235911,7,20190203,20190203
26,109895.727025991,0,0,3,572,0,0,15752,0,0,0,1,98160.19230406631,0,0,0,1,0,0,0,11735.5347219247,0,0,17503,0,20190203,20190203
27,817569.488922991,1,1,1,4166,1,1,112519,4,1,0,0,739015.0223047128,1,0,0,1,0,0,0,78554.46661827821,2,2,124802,4,20190203,20190203
28,105496.06052447199,0,0,3,516,0,0,14149,0,0,0,1,93575.3860005277,0,0,0,0,0,1,0,11920.674523944299,0,0,15699,0,20190203,20190203
29,816895.9167239809,1,1,1,4238,1,1,107887,4,1,0,0,733161.0087016013,1,0,0,0,0,1,0,83734.9080223796,3,3,119601,4,20190203,20190203
30,56273.946416398205,0,0,4,259,0,0,4816,0,0,0,1,51495.103270065905,0,1,0,0,0,0,0,4778.84314633229,0,0,5369,0,20190203,20190203
31,597209.582940022,1,1,1,2726,1,1,52219,2,1,0,0,546734.7019387758,1,1,0,0,0,0,0,50474.8810012461,1,1,58129,2,20190203,20190203
32,26101.5354634618,0,0,4,132,0,0,4482,0,0,0,1,24075.2130702069,0,0,1,0,0,0,0,2026.3223932549,0,0,4980,0,20190203,20190203
33,207281.249989491,0,0,2,1010,0,0,34843,1,1,0,0,193897.198658703,0,0,1,0,0,0,0,13384.051330788001,0,0,38630,1,20190203,20190203
34,17687.2098961012,0,0,4,79,0,0,3582,0,0,0,1,14305.387205509582,0,0,0,0,1,0,0,3381.82269059162,0,0,3946,0,20190203,20190203
35,156897.582571432,0,0,2,704,0,0,33564,1,1,0,0,133455.9730039805,0,0,0,0,1,0,0,23441.609567451495,0,0,37301,1,20190203,20190203
36,250900.701749434,0,0,7,1298,0,0,19973,1,0,0,1,223916.96219627012,0,0,0,0,0,0,1,26983.7395531639,0,0,22242,1,20190204,20190204
37,2762163.08174305,5,5,0,12736,5,5,204246,7,1,0,0,2500000.592356613,5,0,0,0,0,0,1,262162.489386437,8,8,227060,7,20190204,20190204
38,105052.60212792,0,0,3,516,0,0,13621,0,0,0,1,95578.8004432833,0,0,0,1,0,0,0,9473.801684636708,0,0,15078,0,20190204,20190204
39,731315.062190166,1,1,1,3742,1,1,99845,3,1,0,0,678728.8813731086,1,0,0,1,0,0,0,52586.1808170574,1,1,111162,3,20190204,20190204
40,105714.422950525,0,0,3,497,0,0,13767,0,0,0,1,94338.50903811859,0,0,0,0,0,1,0,11375.913912406399,0,0,15246,0,20190204,20190204
41,770914.335639809,1,1,1,3735,1,1,101439,3,1,0,0,699763.2631060908,1,0,0,0,0,1,0,71151.07253371821,2,2,112657,3,20190204,20190204
42,52033.8556432023,0,0,4,238,0,0,4609,0,0,0,1,47427.318705835714,0,1,0,0,0,0,0,4606.53693736659,0,0,5117,0,20190204,20190204
43,445243.07266465796,1,1,1,2381,1,1,47656,2,1,0,0,394216.3129481056,1,1,0,0,0,0,0,51026.759716552304,1,1,52970,2,20190204,20190204
44,24604.883427612596,0,0,4,115,0,0,3954,0,0,0,1,22969.42129107976,0,0,1,0,0,0,0,1635.46213653284,0,0,4397,0,20190204,20190204
45,225234.614362895,0,0,2,1031,0,0,35409,1,1,0,0,209629.2745959315,0,0,1,0,0,0,0,15605.339766963501,0,0,39337,1,20190204,20190204
46,8313.90455598707,0,0,4,41,0,0,2103,0,0,0,1,6431.506562553671,0,0,0,0,1,0,0,1882.3979934334,0,0,2306,0,20190204,20190204
47,71214.7364737625,0,0,3,365,0,0,16931,1,1,0,0,58328.9539461299,0,0,0,0,1,0,0,12885.7825276326,0,0,18794,1,20190204,20190204
48,216846.63088642,0,0,2,1003,0,0,16781,1,0,0,1,193134.7300709039,0,0,0,0,0,0,1,23711.9008155161,0,0,18660,1,20190205,20190205
49,2328811.60655879,4,4,0,11038,4,4,177594,6,1,0,0,2138592.874966362,4,0,0,0,0,0,1,190218.731592428,7,7,197331,6,20190205,20190205
50,110650.944031817,0,0,3,525,0,0,13382,0,0,0,1,102623.1788244652,0,0,0,1,0,0,0,8027.76520735178,0,0,14842,0,20190205,20190205
51,635864.84710741,1,1,1,3036,1,1,82592,3,1,0,0,583569.0678563076,1,0,0,1,0,0,0,52295.7792511024,1,1,91642,3,20190205,20190205
52,103276.15129651,0,0,3,462,0,0,11282,0,0,0,1,93242.30862543348,0,0,0,0,0,1,0,10033.8426710765,0,0,12547,0,20190205,20190205
53,663478.793168305,1,1,1,2987,1,1,79549,3,1,0,0,608170.7452142725,1,0,0,0,0,1,0,55308.047954032314,2,2,88400,3,20190205,20190205
54,43601.2036882665,0,0,4,211,0,0,4353,0,0,0,1,38793.91918514405,0,1,0,0,0,0,0,4807.28450312245,0,0,4831,0,20190205,20190205
55,474785.411457361,1,1,1,2181,1,1,44861,1,1,0,0,429479.9354572915,1,1,0,0,0,0,0,45305.4760000695,1,1,49969,1,20190205,20190205
56,24782.9745198248,0,0,4,117,0,0,3743,0,0,0,1,22796.22698084607,0,0,1,0,0,0,0,1986.74753897873,0,0,4162,0,20190205,20190205
57,195271.13161847,0,0,2,923,0,0,32988,1,1,0,0,177137.49273665212,0,0,1,0,0,0,0,18133.6388818179,0,0,36687,1,20190205,20190205
58,16503.217532501,0,0,4,77,0,0,2908,0,0,0,1,14633.10663194086,0,0,0,0,1,0,0,1870.1109005601402,0,0,3220,0,20190205,20190205
59,104120.076929351,0,0,3,481,0,0,24754,1,1,0,0,85226.4645311754,0,0,0,0,1,0,0,18893.6123981756,0,0,27469,1,20190205,20190205
60,197088.80928535695,0,0,2,961,0,0,15957,0,0,0,1,176806.66342458368,0,0,0,0,0,0,1,20282.1458607733,0,0,17700,0,20190206,20190206
61,2125814.57874697,4,4,0,9886,4,4,160990,5,1,0,0,1952990.0324970686,4,0,0,0,0,0,1,172824.546249901,6,6,178965,5,20190206,20190206
62,84327.0949069884,0,0,3,449,0,0,12759,0,0,0,1,73382.56276586991,0,0,0,1,0,0,0,10944.5321411185,0,0,14243,0,20190206,20190206
63,656151.71692446,1,1,1,3200,1,1,85326,3,1,0,0,591336.0897632893,1,0,0,1,0,0,0,64815.62716117071,2,2,94814,3,20190206,20190206
64,77893.26012280589,0,0,3,387,0,0,10903,0,0,0,1,69355.46790051473,0,0,0,0,0,1,0,8537.792222291171,0,0,12076,0,20190206,20190206
65,497920.250150833,1,1,1,2575,1,1,67217,2,1,0,0,440031.50325073034,1,0,0,0,0,1,0,57888.7469001027,2,2,74660,2,20190206,20190206
66,40866.8171960952,0,0,4,199,0,0,3677,0,0,0,1,37619.16663341313,0,1,0,0,0,0,0,3247.65056268207,0,0,4082,0,20190206,20190206
67,442981.24549491896,1,1,1,1972,1,1,39454,1,1,0,0,403560.0278796053,1,1,0,0,0,0,0,39421.2176153137,1,1,43807,1,20190206,20190206
68,21426.3507920325,0,0,4,114,0,0,4550,0,0,0,1,19080.90533190324,0,0,1,0,0,0,0,2345.44546012926,0,0,5059,0,20190206,20190206
69,209031.60169049606,0,0,2,1051,0,0,34738,1,1,0,0,195332.74581501613,0,0,1,0,0,0,0,13698.8558754799,0,0,38602,1,20190206,20190206
70,17986.3844393989,0,0,4,90,0,0,3590,0,0,0,1,15153.931435130236,0,0,0,0,1,0,0,2832.45300426866,0,0,4006,0,20190206,20190206
71,124431.337285368,0,0,3,577,0,0,29177,1,1,0,0,103786.6046635215,0,0,0,0,1,0,0,20644.7326218465,0,0,32487,1,20190206,20190206
72,184272.38958224,0,0,2,863,0,0,14379,0,0,0,1,166106.8682190654,0,0,0,0,0,0,1,18165.5213631746,0,0,16014,0,20190207,20190207
73,2256463.22324727,4,4,0,10339,4,4,168153,6,1,0,0,2042836.228317671,4,0,0,0,0,0,1,213626.994929599,7,7,186862,6,20190207,20190207
74,87285.7641634369,0,0,3,423,0,0,10448,0,0,0,1,81466.22131726853,0,0,0,1,0,0,0,5819.542846168381,0,0,11612,0,20190207,20190207
75,550033.0279249729,1,1,1,2904,1,1,78670,3,1,0,0,481518.3727654354,1,0,0,1,0,0,0,68514.6551595376,2,2,87402,3,20190207,20190207
76,83681.4299536294,0,0,3,393,0,0,10920,0,0,0,1,77165.7778240442,0,0,0,0,0,1,0,6515.6521295852,0,0,12105,0,20190207,20190207
77,643551.645719597,1,1,1,3139,1,1,84419,3,1,0,0,571787.3614487821,1,0,0,0,0,1,0,71764.2842708149,2,2,93819,3,20190207,20190207
78,35914.6613441914,0,0,4,203,0,0,4160,0,0,0,1,31935.135764043716,0,1,0,0,0,0,0,3979.525580147689,0,0,4618,0,20190207,20190207
79,446226.1366249271,1,1,1,2308,1,1,46324,2,1,0,0,391690.69257163256,1,1,0,0,0,0,0,54535.444053294406,2,2,51471,2,20190207,20190207
80,23330.3063473413,0,0,4,110,0,0,3714,0,0,0,1,22124.32496889669,0,0,1,0,0,0,0,1205.98137844461,0,0,4120,0,20190207,20190207
81,170395.392088376,0,0,2,916,0,0,31382,1,1,0,0,162724.41238809837,0,0,1,0,0,0,0,7670.97970027765,0,0,34892,1,20190207,20190207
82,11327.3835532433,0,0,4,52,0,0,2535,0,0,0,1,9298.145345285373,0,0,0,0,1,0,0,2029.23820795793,0,0,2800,0,20190207,20190207
83,87501.725270678,0,0,3,440,0,0,20567,1,1,0,0,70473.5639502249,0,0,0,0,1,0,0,17028.161320453102,0,0,22925,1,20190207,20190207
84,179221.30610568894,0,0,2,888,0,0,14422,0,0,0,1,158750.78382790118,0,0,0,0,0,0,1,20470.5222777878,0,0,16024,0,20190208,20190208
85,2364278.11143778,4,4,0,11625,5,5,191119,7,1,0,0,2116356.8240341228,4,0,0,0,0,0,1,247921.28740365696,8,8,212528,7,20190208,20190208
86,117166.529199468,0,0,3,563,0,0,13743,0,0,0,1,106839.1159736341,0,0,0,1,0,0,0,10327.4132258339,0,0,15282,0,20190208,20190208
87,900507.56524931,1,1,20,3674,1,1,100055,3,1,0,0,841380.799241369,2,0,0,1,0,0,0,59126.766007940896,2,2,111033,3,20190208,20190208
88,89679.89734087551,0,0,3,433,0,0,12174,0,0,0,1,81003.80958586004,0,0,0,0,0,1,0,8676.08775501547,0,0,13478,0,20190208,20190208
89,676127.2042939711,1,1,1,3117,1,1,83846,3,1,0,0,608402.248531071,1,0,0,0,0,1,0,67724.9557629,2,2,93285,3,20190208,20190208
90,43636.9658939792,0,0,4,215,0,0,4712,0,0,0,1,40116.395418565495,0,1,0,0,0,0,0,3520.5704754137,0,0,5258,0,20190208,20190208
91,562429.300965933,1,1,1,2687,1,1,54254,2,1,0,0,513252.9467068911,1,1,0,0,0,0,0,49176.3542590419,1,1,60266,2,20190208,20190208
92,24369.678396475298,0,0,4,118,0,0,4128,0,0,0,1,23022.84719890148,0,0,1,0,0,0,0,1346.83119757382,0,0,4586,0,20190208,20190208
93,197000.366106004,0,0,2,1036,0,0,34376,1,1,0,0,182250.770445642,0,0,1,0,0,0,0,14749.595660362,0,0,38239,1,20190208,20190208
94,14947.805758800401,0,0,4,75,0,0,3495,0,0,0,1,12568.52035587806,0,0,0,0,1,0,0,2379.28540292234,0,0,3865,0,20190208,20190208
95,96195.39320027099,0,0,8,458,0,0,26234,1,1,0,0,72140.83875254409,0,0,0,0,1,0,0,24054.5544477269,0,0,29229,1,20190208,20190208
96,230212.615265691,0,0,2,1084,0,0,17804,1,0,0,1,207034.28665014566,0,0,0,0,0,0,1,23178.3286155453,0,0,19864,1,20190209,20190209
97,2367956.84491548,4,4,0,12801,5,5,209313,7,1,0,0,2068253.0939424841,4,0,0,0,0,0,1,299703.750972996,8,8,232607,7,20190209,20190209
98,114875.39066139699,0,0,3,534,0,0,14958,0,0,0,1,104995.62358903387,0,0,0,1,0,0,0,9879.7670723631,0,0,16658,0,20190209,20190209
99,741089.9119872829,1,1,1,3669,1,1,101844,3,1,0,0,654015.0198498114,1,0,0,1,0,0,0,87074.8921374715,3,3,113047,3,20190209,20190209
100,91538.4511766481,0,0,3,456,0,0,12202,0,0,0,1,82517.1806107673,0,0,0,0,0,1,0,9021.270565880792,0,0,13544,0,20190209,20190209
101,802672.151058905,1,1,1,3716,1,1,99394,3,1,0,0,712257.005305931,1,0,0,0,0,1,0,90415.14575297393,3,3,110419,3,20190209,20190209
102,52354.0119058913,0,0,4,268,0,0,4714,0,0,0,1,47240.06657000212,0,1,0,0,0,0,0,5113.94533588918,0,0,5225,0,20190209,20190209
103,435551.256922507,1,1,1,2254,1,1,46830,2,1,0,0,384100.2136512869,1,1,0,0,0,0,0,51451.043271220195,1,1,52057,2,20190209,20190209
104,30905.3875736625,0,0,4,155,0,0,5804,0,0,0,1,28073.80561207249,0,0,1,0,0,0,0,2831.5819615900105,0,0,6378,0,20190209,20190209
105,244268.259643002,0,0,7,1197,0,0,40909,1,1,0,0,228497.32826517077,0,0,1,0,0,0,0,15770.9313778312,0,0,45573,1,20190209,20190209
106,15065.610435068,0,0,4,74,0,0,4039,0,0,0,1,11524.102862735239,0,0,0,0,1,0,0,3541.50757233276,0,0,4470,0,20190209,20190209
107,130106.207770615,0,0,8,586,0,0,29558,1,1,0,0,108872.2153334381,0,0,0,0,1,0,0,21233.9924371769,0,0,32836,1,20190209,20190209
108,218587.16192977602,0,0,2,1076,0,0,16945,1,0,0,1,193166.74869831488,0,0,0,0,0,0,1,25420.413231461094,0,0,18810,1,20190210,20190210
109,2570539.93874302,5,5,0,13318,5,5,218609,7,1,0,0,2281501.593787156,5,0,0,0,0,0,1,289038.344955864,8,8,242757,7,20190210,20190210
110,130860.737589264,0,0,8,582,0,0,15786,0,0,0,1,120202.0433733565,0,0,0,1,0,0,0,10658.6942159075,0,0,17586,0,20190210,20190210
111,968180.571587848,2,2,20,4310,1,1,118278,4,1,0,0,888311.0328735991,2,0,0,1,0,0,0,79869.53871424889,3,3,131203,4,20190210,20190210
112,100076.402193215,0,0,3,483,0,0,13487,0,0,0,1,87449.003835307,0,0,0,0,0,1,0,12627.398357908001,0,0,15016,0,20190210,20190210
113,761260.016194543,1,1,1,3980,1,1,108669,4,1,0,0,687668.0935116258,1,0,0,0,0,1,0,73591.9226829172,2,2,120741,4,20190210,20190210
114,46495.0332633452,0,0,4,232,0,0,4914,0,0,0,1,41306.233670593065,0,1,0,0,0,0,0,5188.79959275214,0,0,5474,0,20190210,20190210
115,483321.54265817,1,1,1,2339,1,1,50063,2,1,0,0,445437.0670155944,1,1,0,0,0,0,0,37884.4756425756,1,1,55527,2,20190210,20190210
116,23468.633600165096,0,0,4,112,0,0,4276,0,0,0,1,21867.377693071456,0,0,1,0,0,0,0,1601.2559070936402,0,0,4730,0,20190210,20190210
117,168189.343105168,0,0,2,947,0,0,33578,1,1,0,0,154553.5818081174,0,0,1,0,0,0,0,13635.7612970506,0,0,37308,1,20190210,20190210
118,15894.473133516201,0,0,4,78,0,0,3847,0,0,0,1,12441.279954662192,0,0,0,0,1,0,0,3453.19317885401,0,0,4276,0,20190210,20190210
119,110358.83576857901,0,0,3,570,0,0,31511,1,1,0,0,87807.48406570351,0,0,0,0,1,0,0,22551.351702875498,0,0,35109,1,20190210,20190210
120,198071.53017597398,0,0,2,992,0,0,16429,0,0,0,1,179106.9243357564,0,0,0,0,0,0,1,18964.6058402176,0,0,18287,0,20190211,20190211
121,2692070.20119971,5,5,0,12874,5,5,212998,7,1,0,0,2402968.71080168,5,0,0,0,0,0,1,289101.49039803,8,8,236745,7,20190211,20190211
122,89334.2640472712,0,0,3,413,0,0,11281,0,0,0,1,82639.83672498808,0,0,0,1,0,0,0,6694.42732228313,0,0,12572,0,20190211,20190211
123,684322.704009016,1,1,1,3318,1,1,91979,3,1,0,0,623879.83927831,1,0,0,1,0,0,0,60442.8647307061,2,2,102287,3,20190211,20190211
124,91366.43521834732,0,0,3,403,0,0,11210,0,0,0,1,85136.26620927957,0,0,0,0,0,1,0,6230.169009067729,0,0,12486,0,20190211,20190211
125,646535.74138808,1,1,1,3137,1,1,86769,3,1,0,0,572085.1741862851,1,0,0,0,0,1,0,74450.56720179481,2,2,96520,3,20190211,20190211
126,45426.536321795196,0,0,4,222,0,0,3926,0,0,0,1,41666.20104119123,0,1,0,0,0,0,0,3760.3352806039597,0,0,4349,0,20190211,20190211
127,483780.11062969104,1,1,1,2484,1,1,50486,2,1,0,0,426423.3473803317,1,1,0,0,0,0,0,57356.7632493593,2,2,56015,2,20190211,20190211
128,23714.8546218693,0,0,4,115,0,0,4220,0,0,0,1,21564.38959777429,0,0,1,0,0,0,0,2150.46502409501,0,0,4635,0,20190211,20190211
129,197047.2176127,0,0,2,999,0,0,37594,1,1,0,0,180169.98921916512,0,0,1,0,0,0,0,16877.2283935349,0,0,41742,1,20190211,20190211
130,13012.6782246751,0,0,4,66,0,0,2877,0,0,0,1,10813.14881321454,0,0,0,0,1,0,0,2199.529411460561,0,0,3197,0,20190211,20190211
131,121041.940335325,0,0,3,573,0,0,30044,1,1,0,0,98474.176085204,0,0,0,0,1,0,0,22567.764250121,0,0,33499,1,20190211,20190211
132,237983.636013007,0,0,2,1095,0,0,18844,1,0,0,1,216002.8098045791,0,0,0,0,0,0,1,21980.8262084279,0,0,20960,1,20190212,20190212
133,2148325.9068272,4,4,0,10802,4,4,178919,6,1,0,0,1892779.9211157889,4,0,0,0,0,0,1,255545.98571141105,8,8,198792,6,20190212,20190212
134,105864.248118027,0,0,3,492,0,0,12318,0,0,0,1,98831.61821925902,0,0,0,1,0,0,0,7032.62989876797,0,0,13667,0,20190212,20190212
135,699256.808903154,1,1,1,3490,1,1,95972,3,1,0,0,651606.7448625478,1,0,0,1,0,0,0,47650.0640406062,1,1,106705,3,20190212,20190212
136,92740.43403228588,0,0,3,445,0,0,12955,0,0,0,1,82148.7607188789,0,0,0,0,0,1,0,10591.673313407,0,0,14336,0,20190212,20190212
137,628562.788896736,1,1,1,3209,1,1,86474,3,1,0,0,544745.4967864126,1,0,0,0,0,1,0,83817.2921103234,3,3,96026,3,20190212,20190212
138,46047.7652429098,0,0,4,211,0,0,4387,0,0,0,1,42091.08709775594,0,1,0,0,0,0,0,3956.67814515386,0,0,4914,0,20190212,20190212
139,407377.353220184,1,1,1,2043,1,1,43584,1,1,0,0,359055.1175651926,0,1,0,0,0,0,0,48322.2356549914,1,1,48423,1,20190212,20190212
140,23694.5684568987,0,0,4,119,0,0,4295,0,0,0,1,22550.062073940786,0,0,1,0,0,0,0,1144.50638295792,0,0,4775,0,20190212,20190212
141,232720.92428849105,0,0,7,1129,0,0,41214,1,1,0,0,214594.4981869421,0,0,1,0,0,0,0,18126.4261015489,0,0,45738,1,20190212,20190212
142,16401.8419439936,0,0,4,75,0,0,3853,0,0,0,1,13716.06654855518,0,0,0,0,1,0,0,2685.77539543842,0,0,4275,0,20190212,20190212
143,121208.90351108,0,0,3,618,0,0,32837,1,1,0,0,94975.1802021147,0,0,0,0,1,0,0,26233.7233089653,0,0,36484,1,20190212,20190212
144,167129.146594017,0,0,2,780,0,0,13748,0,0,0,1,147886.54010814658,0,0,0,0,0,0,1,19242.6064858704,0,0,15265,0,20190213,20190213
145,2132338.76279272,4,4,0,9979,4,4,164752,6,1,0,0,1906172.807088015,4,0,0,0,0,0,1,226165.955704705,7,7,182978,6,20190213,20190213
146,66500.1620311039,0,0,8,307,0,0,9350,0,0,0,1,61553.33526000777,0,0,0,1,0,0,0,4946.826771096121,0,0,10477,0,20190213,20190213
147,522956.2221423821,1,1,1,2491,1,1,69105,2,1,0,0,486079.5047758526,1,0,0,1,0,0,0,36876.71736652951,1,1,76655,2,20190213,20190213
148,94725.4729234263,0,0,3,421,0,0,11136,0,0,0,1,83200.27716158451,0,0,0,0,0,1,0,11525.1957618418,0,0,12428,0,20190213,20190213
149,616387.786601729,1,1,1,2839,1,1,78450,3,1,0,0,564704.9690229807,1,0,0,0,0,1,0,51682.8175787483,1,1,87125,3,20190213,20190213
150,30368.4101113294,0,0,4,150,0,0,3552,0,0,0,1,27165.76434108311,0,1,0,0,0,0,0,3202.64577024629,0,0,3954,0,20190213,20190213
151,377730.421659452,0,0,1,1811,0,0,38637,1,1,0,0,331343.92678022844,0,1,0,0,0,0,0,46386.4948792236,1,1,42827,1,20190213,20190213
152,25265.525378297596,0,0,4,124,0,0,4268,0,0,0,1,23366.084195832325,0,0,1,0,0,0,0,1899.4411824652695,0,0,4708,0,20190213,20190213
153,193210.75821610304,0,0,2,978,0,0,35521,1,1,0,0,176659.56756887742,0,0,1,0,0,0,0,16551.1906472256,0,0,39580,1,20190213,20190213
154,8845.806801730749,0,0,4,42,0,0,2167,0,0,0,1,6939.693510771678,0,0,0,0,1,0,0,1906.11329095907,0,0,2422,0,20190213,20190213
155,85743.3094867715,0,0,3,388,0,0,21177,1,1,0,0,66712.7501829458,0,0,0,0,1,0,0,19030.5593038257,0,0,23526,1,20190213,20190213
156,182459.89155101895,0,0,2,874,0,0,14569,0,0,0,1,164427.91277893158,0,0,0,0,0,0,1,18031.9787720874,0,0,16098,0,20190214,20190214
157,2123540.92783847,4,4,0,9824,4,4,163265,6,1,0,0,1918472.2885686608,4,0,0,0,0,0,1,205068.63926980895,7,7,181533,6,20190214,20190214
158,79577.1196656537,0,0,3,403,0,0,10691,0,0,0,1,72160.22610211093,0,0,0,1,0,0,0,7416.89356354278,0,0,11860,0,20190214,20190214
159,609099.633252921,1,1,1,2726,1,1,79074,3,1,0,0,552302.061097935,1,0,0,1,0,0,0,56797.572154986105,2,2,87959,3,20190214,20190214
160,84590.7000937802,0,0,3,386,0,0,10600,0,0,0,1,74632.79187030108,0,0,0,0,0,1,0,9957.90822347912,0,0,11821,0,20190214,20190214
161,490231.11477249704,1,1,1,2634,1,1,73919,2,1,0,0,435966.526383656,1,0,0,0,0,1,0,54264.588388840995,2,2,82167,2,20190214,20190214
162,28266.069689497403,0,0,4,135,0,0,2831,0,0,0,1,25751.78361575913,0,1,0,0,0,0,0,2514.28607373827,0,0,3157,0,20190214,20190214
163,380121.148061105,0,0,1,1775,0,0,39000,1,1,0,0,338582.4315321314,0,1,0,0,0,0,0,41538.7165289736,1,1,43381,1,20190214,20190214
164,18180.8571730306,0,0,4,85,0,0,3255,0,0,0,1,16829.15771548334,0,0,1,0,0,0,0,1351.69945754726,0,0,3612,0,20190214,20190214
165,163193.465162414,0,0,2,787,0,0,28022,1,1,0,0,147014.227572981,0,0,1,0,0,0,0,16179.237589433,0,0,31076,1,20190214,20190214
166,15587.999509121299,0,0,4,76,0,0,3865,0,0,0,1,12934.25829870444,0,0,0,0,1,0,0,2653.74121041686,0,0,4338,0,20190214,20190214
167,121366.27268800199,0,0,3,561,0,0,31122,1,1,0,0,95157.3930672302,0,0,0,0,1,0,0,26208.8796207718,0,0,34683,1,20190214,20190214
168,217532.539012646,0,0,2,1053,0,0,17360,1,0,0,1,194863.18525758397,0,0,0,0,0,0,1,22669.353755062002,0,0,19248,1,20190215,20190215
169,2489889.52640724,5,5,0,11648,5,5,196301,7,1,0,0,2261295.332542913,5,0,0,0,0,0,1,228594.19386432695,7,7,218495,7,20190215,20190215
170,106417.23541223099,0,0,3,517,0,0,13686,0,0,0,1,93755.10864509168,0,0,0,1,0,0,0,12662.1267671393,0,0,15207,0,20190215,20190215
171,737351.5862273971,1,1,1,3474,1,1,95318,3,1,0,0,675334.3825022394,1,0,0,1,0,0,0,62017.2037251577,2,2,106040,3,20190215,20190215
172,94714.6055625661,0,0,3,458,0,0,12800,0,0,0,1,83951.36855264049,0,0,0,0,0,1,0,10763.2370099256,0,0,14252,0,20190215,20190215
173,593395.308270305,1,1,1,3263,1,1,92929,3,1,0,0,523386.67196010024,1,0,0,0,0,1,0,70008.6363102048,2,2,103206,3,20190215,20190215
174,44187.082890895595,0,0,4,221,0,0,4539,0,0,0,1,39312.62233993143,0,1,0,0,0,0,0,4874.4605509641715,0,0,5086,0,20190215,20190215
175,502412.57877439604,1,1,1,2838,1,1,59437,2,1,0,0,445020.26369198365,1,1,0,0,0,0,0,57392.3150824124,2,2,65867,2,20190215,20190215
176,24880.7365522006,0,0,4,116,0,0,3982,0,0,0,1,23262.20206935648,0,0,1,0,0,0,0,1618.5344828441198,0,0,4382,0,20190215,20190215
177,193441.10406933105,0,0,2,914,0,0,32712,1,1,0,0,178839.58389867886,0,0,1,0,0,0,0,14601.5201706522,0,0,36519,1,20190215,20190215
178,13049.3459573721,0,0,4,60,0,0,3031,0,0,0,1,10419.51312961618,0,0,0,0,1,0,0,2629.83282775592,0,0,3377,0,20190215,20190215
179,120137.505601104,0,0,3,577,0,0,29089,1,1,0,0,98270.2935327286,0,0,0,0,1,0,0,21867.2120683754,0,0,32239,1,20190215,20190215
180,196178.86061921602,0,0,2,912,0,0,15090,0,0,0,1,177875.86406832648,0,0,0,0,0,0,1,18302.9965508895,0,0,16761,0,20190216,20190216
181,2271615.26979995,4,4,0,12091,5,5,205260,7,1,0,0,2000451.793284745,4,0,0,0,0,0,1,271163.476515205,8,8,228106,7,20190216,20190216
182,106173.25767725901,0,0,3,528,0,0,14101,0,0,0,1,98589.65145389547,0,0,0,1,0,0,0,7583.60622336353,0,0,15631,0,20190216,20190216
183,638496.121208256,1,1,1,3297,1,1,90237,3,1,0,0,588423.2847428302,1,0,0,1,0,0,0,50072.83646542581,1,1,100386,3,20190216,20190216
184,112235.82860921301,0,0,3,570,0,0,15949,0,0,0,1,98224.62190076963,0,0,0,0,0,1,0,14011.2067084434,0,0,17756,0,20190216,20190216
185,674002.7113326329,1,1,1,3142,1,1,89414,3,1,0,0,595647.0228298281,1,0,0,0,0,1,0,78355.6885028048,2,2,99186,3,20190216,20190216
186,42367.7992142125,0,0,4,207,0,0,4253,0,0,0,1,38450.60310150795,0,1,0,0,0,0,0,3917.19611270455,0,0,4718,0,20190216,20190216
187,451028.815521274,1,1,1,2091,1,1,44224,1,1,0,0,407822.59168231685,1,1,0,0,0,0,0,43206.2238389571,1,1,49053,1,20190216,20190216
188,39239.0096426255,0,0,4,183,0,0,5522,0,0,0,1,37570.2076466557,0,0,1,0,0,0,0,1668.8019959698001,0,0,6157,0,20190216,20190216
189,280191.386550424,0,0,7,1344,0,0,48147,2,1,0,0,265393.8208490141,0,0,1,0,0,0,0,14797.5657014099,0,0,53580,2,20190216,20190216
190,17256.5920507564,0,0,4,77,0,0,3777,0,0,0,1,14616.64471374019,0,0,0,0,1,0,0,2639.94733701621,0,0,4201,0,20190216,20190216
191,125691.827706789,0,0,3,619,0,0,32244,1,1,0,0,92154.12716119301,0,0,0,0,1,0,0,33537.700545596,1,1,35921,1,20190216,20190216
192,219650.74087269398,0,0,2,1019,0,0,17960,1,0,0,1,196785.889186817,0,0,0,0,0,0,1,22864.851685877,0,0,19891,1,20190217,20190217
193,2604881.23148495,5,5,0,13103,5,5,219837,7,1,0,0,2359409.667149293,5,0,0,0,0,0,1,245471.564335657,8,8,244002,7,20190217,20190217
194,102636.57253499901,0,0,3,478,0,0,14509,0,0,0,1,94807.96629378726,0,0,0,1,0,0,0,7828.60624121172,0,0,16022,0,20190217,20190217
195,744447.205791032,1,1,1,3621,1,1,100413,3,1,0,0,692690.4236772568,1,0,0,1,0,0,0,51756.782113775305,1,1,111499,3,20190217,20190217
196,114121.770429846,0,0,3,533,0,0,14710,0,0,0,1,100497.35463094461,0,0,0,0,0,1,0,13624.415798901398,0,0,16393,0,20190217,20190217
197,722047.47161312,1,1,1,3546,1,1,102959,3,1,0,0,643858.0805801351,1,0,0,0,0,1,0,78189.3910329849,2,2,114443,3,20190217,20190217
198,38351.7915543373,0,0,4,196,0,0,4733,0,0,0,1,33115.256603918366,0,1,0,0,0,0,0,5236.53495041894,0,0,5217,0,20190217,20190217
199,551641.098303419,1,1,1,2486,1,1,53153,2,1,0,0,502562.89570994716,1,1,0,0,0,0,0,49078.2025934718,1,1,58882,2,20190217,20190217
200,27613.669786979903,0,0,4,129,0,0,4696,0,0,0,1,26244.98740014469,0,0,1,0,0,0,0,1368.6823868352099,0,0,5224,0,20190217,20190217
201,239798.773178661,0,0,2,1140,0,0,40097,1,1,0,0,223954.6142595588,0,0,1,0,0,0,0,15844.1589191022,0,0,44509,1,20190217,20190217
202,10940.4768761047,0,0,4,54,0,0,3358,0,0,0,1,8410.46863717667,0,0,0,0,1,0,0,2530.00823892803,0,0,3714,0,20190217,20190217
203,135474.492355857,0,0,8,678,0,0,34433,1,1,0,0,108289.12947207988,0,0,0,0,1,0,0,27185.3628837771,1,1,38279,1,20190217,20190217
204,193409.751228598,0,0,2,1002,0,0,16936,1,0,0,1,172241.94814184212,0,0,0,0,0,0,1,21167.8030867559,0,0,18815,1,20190218,20190218
205,2370066.68448533,5,5,0,11351,4,4,193234,7,1,0,0,2089059.5063544174,4,0,0,0,0,0,1,281007.178130912,8,8,214742,7,20190218,20190218
206,88990.0204356474,0,0,3,414,0,0,12603,0,0,0,1,79303.96939943077,0,0,0,1,0,0,0,9686.05103621662,0,0,13960,0,20190218,20190218
207,746017.4453770941,1,1,1,3691,1,1,102343,3,1,0,0,670391.0492688755,1,0,0,1,0,0,0,75626.3961082186,2,2,113571,3,20190218,20190218
208,87373.1006968477,0,0,3,427,0,0,12316,0,0,0,1,79828.57196744399,0,0,0,0,0,1,0,7544.52872940371,0,0,13648,0,20190218,20190218
209,617446.471565095,1,1,1,3170,1,1,91442,3,1,0,0,545599.6208226997,1,0,0,0,0,1,0,71846.8507423953,2,2,101475,3,20190218,20190218
210,40044.798260756295,0,0,4,229,0,0,4453,0,0,0,1,35907.67781018581,0,1,0,0,0,0,0,4137.12045057048,0,0,4960,0,20190218,20190218
211,457832.66716642794,1,1,1,2357,1,1,50473,2,1,0,0,402961.22072628257,1,1,0,0,0,0,0,54871.4464401453,2,2,56031,2,20190218,20190218
212,25043.033790837202,0,0,4,127,0,0,4715,0,0,0,1,23334.120112549317,0,0,1,0,0,0,0,1708.91367828789,0,0,5230,0,20190218,20190218
213,242822.79520556304,0,0,7,1181,0,0,42876,1,1,0,0,227822.379618994,0,0,1,0,0,0,0,15000.415586568999,0,0,47599,1,20190218,20190218
214,18674.502589723,0,0,4,82,0,0,4583,0,0,0,1,14654.630235314758,0,0,0,0,1,0,0,4019.87235440824,0,0,5083,0,20190218,20190218
215,148811.138230896,0,0,8,747,0,0,39876,1,1,0,0,108511.69753193473,0,0,0,0,1,0,0,40299.4406989613,1,1,44264,1,20190218,20190218
216,205404.006462045,0,0,2,1073,0,0,18627,1,0,0,1,181160.0062182593,0,0,0,0,0,0,1,24244.000243785697,0,0,20665,1,20190219,20190219
217,2347153.2289949,4,4,0,10375,4,4,175812,6,1,0,0,2126374.105270327,4,0,0,0,0,0,1,220779.123724573,7,7,195311,6,20190219,20190219
218,80220.98682478639,0,0,3,394,0,0,11844,0,0,0,1,71071.44569367569,0,0,0,1,0,0,0,9149.54113111071,0,0,13155,0,20190219,20190219
219,617220.55033804,1,1,1,2810,1,1,78594,3,1,0,0,551211.6585797193,1,0,0,1,0,0,0,66008.89175832071,2,2,87375,3,20190219,20190219
220,109116.914027438,0,0,3,514,0,0,14513,0,0,0,1,98257.1257412923,0,0,0,0,0,1,0,10859.7882861457,0,0,16092,0,20190219,20190219
221,667068.302907315,1,1,1,3163,1,1,89963,3,1,0,0,579289.3074504479,1,0,0,0,0,1,0,87778.9954568671,3,3,99934,3,20190219,20190219
222,30799.1251868602,0,0,4,157,0,0,3763,0,0,0,1,27147.61229960543,0,1,0,0,0,0,0,3651.5128872547707,0,0,4226,0,20190219,20190219
223,416734.47922113,1,1,1,1934,1,1,42494,1,1,0,0,371120.01589106815,1,1,0,0,0,0,0,45614.4633300619,1,1,47273,1,20190219,20190219
224,21493.9803436017,0,0,4,111,0,0,4369,0,0,0,1,19716.192913614967,0,0,1,0,0,0,0,1777.78742998673,0,0,4870,0,20190219,20190219
225,200908.499676077,0,0,2,988,0,0,36140,1,1,0,0,177812.9554824149,0,0,1,0,0,0,0,23095.5441936621,0,0,40116,1,20190219,20190219
226,14915.2188886791,0,0,4,70,0,0,3752,0,0,0,1,11889.130929020439,0,0,0,0,1,0,0,3026.08795965866,0,0,4154,0,20190219,20190219
227,126622.546532522,0,0,3,612,0,0,33095,1,1,0,0,96720.13374082954,0,0,0,0,1,0,0,29902.4127916925,1,1,36746,1,20190219,20190219
228,142869.53794083302,0,0,8,720,0,0,13061,0,0,0,1,126431.99590368062,0,0,0,0,0,0,1,16437.5420371524,0,0,14477,0,20190220,20190220
229,2114233.71622725,4,4,0,9474,3,3,163359,6,1,0,0,1901959.606362804,4,0,0,0,0,0,1,212274.109864446,7,7,181331,6,20190220,20190220
230,91142.28893236,0,0,3,439,0,0,12313,0,0,0,1,80000.4798436935,0,0,0,1,0,0,0,11141.8090886665,0,0,13592,0,20190220,20190220
231,596468.3768223029,1,1,1,2897,1,1,81293,3,1,0,0,529593.1023314043,1,0,0,1,0,0,0,66875.2744908986,2,2,90285,3,20190220,20190220
232,87257.1149408562,0,0,3,400,0,0,10711,0,0,0,1,78506.44823706991,0,0,0,0,0,1,0,8750.66670378629,0,0,11980,0,20190220,20190220
233,530673.963084685,1,1,1,2567,1,1,70949,2,1,0,0,474680.14520930103,1,0,0,0,0,1,0,55993.817875384004,2,2,79180,2,20190220,20190220
234,43592.010982818596,0,0,4,198,0,0,4425,0,0,0,1,38969.740961662304,0,1,0,0,0,0,0,4622.27002115629,0,0,4948,0,20190220,20190220
235,399344.721735531,0,0,1,2023,1,1,42294,1,1,0,0,358767.11903250206,0,1,0,0,0,0,0,40577.602703029,1,1,46994,1,20190220,20190220
236,22828.7906450504,0,0,4,109,0,0,3708,0,0,0,1,21743.74545482753,0,0,1,0,0,0,0,1085.04519022287,0,0,4118,0,20190220,20190220
237,162778.911349382,0,0,2,779,0,0,26576,1,1,0,0,153616.45872909258,0,0,1,0,0,0,0,9162.45262028938,0,0,29501,1,20190220,20190220
238,11559.2878890811,0,0,4,56,0,0,2655,0,0,0,1,9790.7297335283,0,0,0,0,1,0,0,1768.5581555528,0,0,2964,0,20190220,20190220
239,83223.00451171321,0,0,8,430,0,0,23955,1,1,0,0,61455.649910582215,0,0,0,0,1,0,0,21767.354601131003,0,0,26647,1,20190220,20190220
240,159879.351505294,0,0,2,788,0,0,13813,0,0,0,1,142712.5864916848,0,0,0,0,0,0,1,17166.765013609198,0,0,15350,0,20190221,20190221
241,2077355.27420039,4,4,0,9879,4,4,170725,6,1,0,0,1869513.4757126519,4,0,0,0,0,0,1,207841.798487738,7,7,189668,6,20190221,20190221
242,83503.301531741,0,0,3,378,0,0,11118,0,0,0,1,77984.5902952748,0,0,0,1,0,0,0,5518.71123646621,0,0,12361,0,20190221,20190221
243,556176.404018735,1,1,1,2536,1,1,73383,2,1,0,0,507018.8133723643,1,0,0,1,0,0,0,49157.5906463707,1,1,81544,2,20190221,20190221
244,68629.2015100483,0,0,3,352,0,0,9649,0,0,0,1,62458.002346019675,0,0,0,0,0,1,0,6171.199164028629,0,0,10743,0,20190221,20190221
245,540749.519572822,1,1,1,2656,1,1,75198,3,1,0,0,474640.3208344455,1,0,0,0,0,1,0,66109.19873837651,2,2,83413,3,20190221,20190221
246,26884.559044577003,0,0,4,120,0,0,2969,0,0,0,1,24210.51301786573,0,1,0,0,0,0,0,2674.04602671127,0,0,3295,0,20190221,20190221
247,332335.61155046197,0,0,21,1658,0,0,36643,1,1,0,0,300478.8046348093,0,1,0,0,0,0,0,31856.8069156527,1,1,40719,1,20190221,20190221
248,18275.0984651832,0,0,4,84,0,0,2734,0,0,0,1,17112.58271316413,0,0,1,0,0,0,0,1162.51575201907,0,0,3035,0,20190221,20190221
249,156657.39541163,0,0,2,748,0,0,28134,1,1,0,0,146199.16170354508,0,0,1,0,0,0,0,10458.2337080849,0,0,31298,1,20190221,20190221
250,11914.603414642099,0,0,4,56,0,0,3262,0,0,0,1,9527.311818370708,0,0,0,0,1,0,0,2387.2915962713896,0,0,3630,0,20190221,20190221
251,105304.292733952,0,0,3,510,0,0,28594,1,1,0,0,85917.84979477299,0,0,0,0,1,0,0,19386.442939179,0,0,31837,1,20190221,20190221
252,198375.09133665398,0,0,2,1009,0,0,17038,1,0,0,1,176066.72775680028,0,0,0,0,0,0,1,22308.3635798537,0,0,18912,1,20190222,20190222
253,2422001.9583994,5,5,0,11267,4,4,194886,7,1,0,0,2152415.3538379567,5,0,0,0,0,0,1,269586.60456144303,8,8,216428,7,20190222,20190222
254,90199.5603361151,0,0,3,469,0,0,13419,0,0,0,1,81835.89856708501,0,0,0,1,0,0,0,8363.66176903009,0,0,14966,0,20190222,20190222
255,590247.4279923721,1,1,1,3114,1,1,89179,3,1,0,0,532962.4433664362,1,0,0,1,0,0,0,57284.9846259359,2,2,98983,3,20190222,20190222
256,101971.46518674801,0,0,3,468,0,0,13389,0,0,0,1,90363.75356730493,0,0,0,0,0,1,0,11607.7116194431,0,0,14896,0,20190222,20190222
257,674732.008896129,1,1,1,3068,1,1,85287,3,1,0,0,609500.0665925666,1,0,0,0,0,1,0,65231.94230356241,2,2,94703,3,20190222,20190222
258,50563.357007783095,0,0,4,251,0,0,5317,0,0,0,1,44539.95295046097,0,1,0,0,0,0,0,6023.40405732213,0,0,5931,0,20190222,20190222
259,509063.02889669297,1,1,1,2427,1,1,52060,2,1,0,0,458146.62385598564,1,1,0,0,0,0,0,50916.4050407074,1,1,58031,2,20190222,20190222
260,26075.471223009903,0,0,4,125,0,0,4264,0,0,0,1,24053.559824727246,0,0,1,0,0,0,0,2021.91139828266,0,0,4790,0,20190222,20190222
261,172897.589077532,0,0,2,991,0,0,33719,1,1,0,0,159284.0264761452,0,0,1,0,0,0,0,13613.562601386799,0,0,37442,1,20190222,20190222
262,11419.8401861888,0,0,4,55,0,0,3133,0,0,0,1,8629.471416256989,0,0,0,0,1,0,0,2790.36876993181,0,0,3471,0,20190222,20190222
263,101074.302206246,0,0,3,487,0,0,25877,1,1,0,0,87607.8117674041,0,0,0,0,1,0,0,13466.4904388419,0,0,28673,1,20190222,20190222
264,245113.280776333,0,0,7,1086,0,0,19029,1,0,0,1,219266.04575398282,0,0,0,0,0,0,1,25847.2350223502,0,0,21050,1,20190223,20190223
265,2330874.49046381,4,4,0,11729,5,5,203714,7,1,0,0,2055792.1725815118,4,0,0,0,0,0,1,275082.317882298,8,8,226459,7,20190223,20190223
266,106125.90971455199,0,0,3,473,0,0,14219,0,0,0,1,97887.86170396546,0,0,0,1,0,0,0,8238.04801058653,0,0,15755,0,20190223,20190223
267,740215.328027395,1,1,1,3606,1,1,104278,4,1,0,0,687555.2015677171,1,0,0,1,0,0,0,52660.1264596777,1,1,115641,4,20190223,20190223
268,93852.950215347,0,0,3,437,0,0,12905,0,0,0,1,83451.524637285,0,0,0,0,0,1,0,10401.425578061999,0,0,14311,0,20190223,20190223
269,711210.340631985,1,1,1,3414,1,1,94750,3,1,0,0,634631.1834414871,1,0,0,0,0,1,0,76579.1571904979,2,2,105239,3,20190223,20190223
270,48057.569362874696,0,0,4,215,0,0,4475,0,0,0,1,43756.23886704585,0,1,0,0,0,0,0,4301.33049582885,0,0,5013,0,20190223,20190223
271,422007.198865679,1,1,1,2169,1,1,47430,2,1,0,0,369382.7233776725,1,1,0,0,0,0,0,52624.4754880065,1,1,52643,2,20190223,20190223
272,21741.3659029368,0,0,4,102,0,0,4509,0,0,0,1,19694.75240370641,0,0,1,0,0,0,0,2046.6134992303894,0,0,5003,0,20190223,20190223
273,191459.30563524397,0,0,2,1013,0,0,35522,1,1,0,0,177896.91509219378,0,0,1,0,0,0,0,13562.3905430502,0,0,39451,1,20190223,20190223
274,14434.7164830412,0,0,4,64,0,0,2910,0,0,0,1,12175.159927428502,0,0,0,0,1,0,0,2259.5565556127,0,0,3260,0,20190223,20190223
275,106948.287753524,0,0,3,569,0,0,29415,1,1,0,0,83970.2270749649,0,0,0,0,1,0,0,22978.0606785591,0,0,32722,1,20190223,20190223
276,217630.035838124,0,0,2,997,0,0,17426,1,0,0,1,195392.1841317121,0,0,0,0,0,0,1,22237.8517064119,0,0,19367,1,20190224,20190224
277,2702193.13583771,5,5,0,12276,5,5,214316,7,1,0,0,2433482.92843157,5,0,0,0,0,0,1,268710.20740614,8,8,238282,7,20190224,20190224
278,92737.2859863384,0,0,3,481,0,0,14100,0,0,0,1,81403.4594541109,0,0,0,1,0,0,0,11333.8265322275,0,0,15573,0,20190224,20190224
279,657269.158727368,1,1,1,3541,1,1,102446,3,1,0,0,579536.79193245,1,0,0,1,0,0,0,77732.366794918,2,2,113817,3,20190224,20190224
280,115370.286885221,0,0,3,549,0,0,15006,0,0,0,1,102653.3543334711,0,0,0,0,0,1,0,12716.9325517499,0,0,16662,0,20190224,20190224
281,791042.852411209,1,1,1,3679,1,1,104020,4,1,0,0,711370.3879697272,1,0,0,0,0,1,0,79672.4644414819,3,3,115778,4,20190224,20190224
282,46764.0397837372,0,0,4,249,0,0,5252,0,0,0,1,41387.219968153724,0,1,0,0,0,0,0,5376.81981558348,0,0,5807,0,20190224,20190224
283,583432.459617785,1,1,1,2568,1,1,57370,2,1,0,0,527607.9917223335,1,1,0,0,0,0,0,55824.467895451504,2,2,63710,2,20190224,20190224
284,34387.979678293996,0,0,4,156,0,0,5807,0,0,0,1,33315.53580505962,0,0,1,0,0,0,0,1072.4438732343801,0,0,6434,0,20190224,20190224
285,257843.70680967398,0,0,7,1218,0,0,44519,1,1,0,0,238442.35745677122,0,0,1,0,0,0,0,19401.349352902802,0,0,49487,1,20190224,20190224
286,13432.0673441073,0,0,4,65,0,0,3671,0,0,0,1,11195.96445632974,0,0,0,0,1,0,0,2236.10288777756,0,0,4078,0,20190224,20190224
287,119238.57978241301,0,0,3,594,0,0,30585,1,1,0,0,97842.50907670653,0,0,0,0,1,0,0,21396.070705706497,0,0,34021,1,20190224,20190224
288,171103.125350579,0,0,2,863,0,0,15161,0,0,0,1,155375.3390743453,0,0,0,0,0,0,1,15727.7862762337,0,0,16785,0,20190225,20190225
289,2475475.0254499,5,5,0,11764,5,5,205983,7,1,0,0,2207337.411854741,5,0,0,0,0,0,1,268137.61359515897,8,8,228647,7,20190225,20190225
290,93086.7935976439,0,0,3,481,0,0,14170,0,0,0,1,82706.5999064469,0,0,0,1,0,0,0,10380.193691196999,0,0,15787,0,20190225,20190225
291,673389.220688021,1,1,1,3197,1,1,92249,3,1,0,0,605050.6908084494,1,0,0,1,0,0,0,68338.52987957161,2,2,102280,3,20190225,20190225
292,100659.89881955199,0,0,3,499,0,0,13490,0,0,0,1,87729.1614759214,0,0,0,0,0,1,0,12930.7373436306,0,0,14971,0,20190225,20190225
293,714875.665876462,1,1,1,3477,1,1,100766,3,1,0,0,633244.5503940639,1,0,0,0,0,1,0,81631.115482398,3,3,111983,3,20190225,20190225
294,37598.94218589911,0,0,4,192,0,0,4319,0,0,0,1,33287.4824700418,0,1,0,0,0,0,0,4311.4597158573,0,0,4804,0,20190225,20190225
295,389250.583158269,0,0,1,2012,1,1,40838,1,1,0,0,349396.64376751514,0,1,0,0,0,0,0,39853.9393907539,1,1,45291,1,20190225,20190225
296,31559.533907765097,0,0,4,149,0,0,5214,0,0,0,1,30048.620857408576,0,0,1,0,0,0,0,1510.9130503565198,0,0,5780,0,20190225,20190225
297,208340.51024172,0,0,2,1057,0,0,40004,1,1,0,0,188517.4186566072,0,0,1,0,0,0,0,19823.0915851128,0,0,44557,1,20190225,20190225
298,16210.0780803126,0,0,4,85,0,0,4754,0,0,0,1,12511.735447267958,0,0,0,0,1,0,0,3698.34263304464,0,0,5293,0,20190225,20190225
299,145904.693146671,0,0,8,686,0,0,39299,1,1,0,0,118793.1358136199,0,0,0,0,1,0,0,27111.5573330511,0,0,43724,1,20190225,20190225
300,186045.981500166,0,0,2,924,0,0,16650,1,0,0,1,166807.25560545438,0,0,0,0,0,0,1,19238.7258947116,0,0,18478,1,20190226,20190226
301,2222639.25735159,4,4,0,10049,4,4,179095,6,1,0,0,1996286.2523923428,4,0,0,0,0,0,1,226353.004959247,7,7,198797,6,20190226,20190226
302,84146.6141770019,0,0,3,385,0,0,10957,0,0,0,1,78395.49630241869,0,0,0,1,0,0,0,5751.11787458322,0,0,12195,0,20190226,20190226
303,599374.468366729,1,1,1,2829,1,1,82498,3,1,0,0,531851.2506797197,1,0,0,1,0,0,0,67523.2176870093,2,2,91650,3,20190226,20190226
304,89429.55312865609,0,0,3,453,0,0,12904,0,0,0,1,79800.65015277964,0,0,0,0,0,1,0,9628.90297587646,0,0,14404,0,20190226,20190226
305,623261.625826291,1,1,1,3094,1,1,90938,3,1,0,0,541289.8799636627,1,0,0,0,0,1,0,81971.74586262839,3,3,101032,3,20190226,20190226
306,42371.4661719138,0,0,4,208,0,0,4879,0,0,0,1,38420.38895362707,0,1,0,0,0,0,0,3951.07721828673,0,0,5400,0,20190226,20190226
307,478264.560000734,1,1,1,2603,1,1,55230,2,1,0,0,416284.07172460976,1,1,0,0,0,0,0,61980.4882761242,2,2,61364,2,20190226,20190226
308,24541.8497225454,0,0,4,114,0,0,4960,0,0,0,1,23311.108866863986,0,0,1,0,0,0,0,1230.74085568142,0,0,5501,0,20190226,20190226
309,276287.629472843,0,0,7,1233,0,0,45543,1,1,0,0,264950.0870245486,0,0,1,0,0,0,0,11337.5424482944,0,0,50640,1,20190226,20190226
310,10882.2414723856,0,0,4,52,0,0,2502,0,0,0,1,8975.2060084726,0,0,0,0,1,0,0,1907.0354639129998,0,0,2759,0,20190226,20190226
311,76326.0610660707,0,0,8,376,0,0,23381,1,1,0,0,60810.3237874245,0,0,0,0,1,0,0,15515.737278646202,0,0,25996,1,20190226,20190226
312,175053.151802346,0,0,2,846,0,0,14987,0,0,0,1,156262.7764513589,0,0,0,0,0,0,1,18790.3753509871,0,0,16687,0,20190227,20190227
313,2070534.79257049,4,4,0,9481,3,3,167588,6,1,0,0,1873212.8896554918,4,0,0,0,0,0,1,197321.902914998,7,7,186356,6,20190227,20190227
314,95755.8397892275,0,0,3,457,0,0,12978,0,0,0,1,86706.79223251858,0,0,0,1,0,0,0,9049.047556708922,0,0,14410,0,20190227,20190227
315,592141.727414778,1,1,1,2859,1,1,83432,3,1,0,0,541056.9392110403,1,0,0,1,0,0,0,51084.7882037378,1,1,92783,3,20190227,20190227
316,72639.6637017716,0,0,3,338,0,0,9534,0,0,0,1,65632.70347135593,0,0,0,0,0,1,0,7006.9602304156715,0,0,10627,0,20190227,20190227
317,500601.058395372,1,1,1,2486,1,1,71389,2,1,0,0,460931.3778460146,1,0,0,0,0,1,0,39669.6805493574,1,1,79310,2,20190227,20190227
318,37877.4245324529,0,0,4,188,0,0,4268,0,0,0,1,34288.279819666604,0,1,0,0,0,0,0,3589.1447127863103,0,0,4725,0,20190227,20190227
319,400882.8617124429,1,1,1,1858,0,0,41485,1,1,0,0,358114.21984554955,0,1,0,0,0,0,0,42768.6418668934,1,1,46240,1,20190227,20190227
320,18359.6685880695,0,0,4,91,0,0,3600,0,0,0,1,17284.360113217066,0,0,1,0,0,0,0,1075.3084748524302,0,0,4017,0,20190227,20190227
321,188408.215518476,0,0,2,911,0,0,33632,1,1,0,0,177241.86485729698,0,0,1,0,0,0,0,11166.350661179,0,0,37366,1,20190227,20190227
322,5810.98948448667,0,0,4,32,0,0,2145,0,0,0,1,4064.41229409252,0,0,0,0,1,0,0,1746.5771903941504,0,0,2391,0,20190227,20190227
323,70819.1716710265,0,0,8,321,0,0,17728,1,1,0,0,57299.860423938095,0,0,0,0,1,0,0,13519.3112470884,0,0,19723,1,20190227,20190227
324,200528.989443332,0,0,2,982,0,0,17479,1,0,0,1,176558.1393202186,0,0,0,0,0,0,1,23970.8501231134,0,0,19434,1,20190228,20190228
325,2080724.4810335,4,4,0,9155,3,3,158714,5,1,0,0,1865168.8930290928,4,0,0,0,0,0,1,215555.58800440695,7,7,176310,5,20190228,20190228
326,88456.3116343327,0,0,3,401,0,0,11952,0,0,0,1,80175.57698201083,0,0,0,1,0,0,0,8280.73465232188,0,0,13294,0,20190228,20190228
327,538445.111642716,1,1,1,2587,1,1,73877,2,1,0,0,487714.8418342579,1,0,0,1,0,0,0,50730.2698084581,1,1,82202,2,20190228,20190228
328,82964.745615661,0,0,3,394,0,0,11242,0,0,0,1,72854.9016714825,0,0,0,0,0,1,0,10109.8439441785,0,0,12522,0,20190228,20190228
329,540788.983855715,1,1,1,2593,1,1,80822,3,1,0,0,469553.6216296738,1,0,0,0,0,1,0,71235.3622260412,2,2,89932,3,20190228,20190228
330,36655.8726207109,0,0,4,168,0,0,4358,0,0,0,1,32583.11009263864,0,1,0,0,0,0,0,4072.76252807226,0,0,4809,0,20190228,20190228
331,503925.5005266461,1,1,1,2183,1,1,48482,2,1,0,0,462394.7664358826,1,1,0,0,0,0,0,41530.7340907635,1,1,53861,2,20190228,20190228
332,20325.2876929783,0,0,4,100,0,0,3703,0,0,0,1,18407.69235374574,0,0,1,0,0,0,0,1917.59533923256,0,0,4129,0,20190228,20190228
333,199149.96632702101,0,0,2,846,0,0,31096,1,1,0,0,184007.4495435435,0,0,1,0,0,0,0,15142.5167834775,0,0,34450,1,20190228,20190228
334,13710.004237937399,0,0,4,67,0,0,3491,0,0,0,1,11258.156487659868,0,0,0,0,1,0,0,2451.8477502775304,0,0,3844,0,20190228,20190228
335,94866.61218046393,0,0,8,465,0,0,27368,1,1,0,0,74578.92142703441,0,0,0,0,1,0,0,20287.6907534295,0,0,30346,1,20190228,20190228
0,307988.783655815,0,0,34,1400,0,0,16560,0,0,0,1,285120.627440396,1,0,0,0,0,0,1,22868.156215419,0,0,18978,0,20190501,20190501
1,2780706.27238926,5,5,31,13558,5,5,169373,5,1,0,0,2572574.3324099043,8,0,0,0,0,0,1,208131.93997935602,5,5,188086,5,20190501,20190501
2,66838.7191007135,0,0,33,348,0,0,7358,0,0,0,1,61624.17159058563,0,0,0,1,0,0,0,5214.54751012786,0,0,8441,0,20190501,20190501
3,624351.255920834,1,1,32,3185,1,1,81661,3,1,0,0,569101.8488925946,2,0,0,1,0,0,0,55249.4070282396,2,2,90793,3,20190501,20190501
4,88205.8132224917,0,0,33,403,0,0,9557,0,0,0,1,79352.12687339791,0,0,0,0,0,1,0,8853.6863490938,0,0,10907,0,20190501,20190501
5,682908.3908721029,1,1,32,3316,1,1,82417,3,1,0,0,614436.2391653799,2,0,0,0,0,1,0,68472.15170672309,2,2,91448,3,20190501,20190501
6,50984.969359280585,0,0,33,253,0,0,4509,0,0,0,1,46485.74126123126,0,1,0,0,0,0,0,4499.22809804933,0,0,5181,0,20190501,20190501
7,402575.055189257,0,0,34,2035,0,0,42464,1,1,0,0,354920.7543313921,1,1,0,0,0,0,0,47654.3008578649,1,1,47108,1,20190501,20190501
8,23645.1858065134,0,0,33,116,0,0,3602,0,0,0,1,22352.29538654777,0,0,1,0,0,0,0,1292.8904199656301,0,0,4118,0,20190501,20190501
9,225453.94062312398,0,0,33,1029,0,0,35237,1,1,0,0,211003.92249829348,0,0,1,0,0,0,0,14450.0181248305,0,0,39124,1,20190501,20190501
10,9130.46292195165,0,0,33,41,0,0,2164,0,0,0,1,7491.158716382471,0,0,0,0,1,0,0,1639.3042055691799,0,0,2490,0,20190501,20190501
11,89917.2717114876,0,0,33,418,0,0,21950,1,1,0,0,73233.4185358079,0,0,0,0,1,0,0,16683.8531756797,0,0,24402,1,20190501,20190501
12,265016.883894258,0,0,34,1354,0,0,16310,0,0,0,1,244763.666818259,0,0,0,0,0,0,1,20253.217075999,0,0,18718,0,20190502,20190502
13,2501423.12770967,4,4,31,13391,5,5,167251,5,1,0,0,2269168.544160904,8,0,0,0,0,0,1,232254.583548766,6,6,185754,5,20190502,20190502
14,74368.0619149262,0,0,33,353,0,0,7956,0,0,0,1,68464.20816184563,0,0,0,1,0,0,0,5903.85375308058,0,0,9086,0,20190502,20190502
15,673181.85526031,1,1,32,3270,1,1,82934,3,1,0,0,609796.3533248071,2,0,0,1,0,0,0,63385.5019355029,2,2,92244,3,20190502,20190502
16,69123.878640793,0,0,33,325,0,0,7659,0,0,0,1,62987.6777589745,0,0,0,0,0,1,0,6136.2008818184995,0,0,8877,0,20190502,20190502
17,647647.4195076879,1,1,32,3031,1,1,77518,2,1,0,0,602121.044459575,2,0,0,0,0,1,0,45526.3750481131,1,1,86143,2,20190502,20190502
18,40652.8111613149,0,0,33,184,0,0,3588,0,0,0,1,36990.98839942722,0,1,0,0,0,0,0,3661.82276188768,0,0,4130,0,20190502,20190502
19,401344.939288331,0,0,34,1922,0,0,37137,1,1,0,0,366636.6505310643,1,1,0,0,0,0,0,34708.2887572667,1,1,41219,1,20190502,20190502
20,21480.675025498702,0,0,33,94,0,0,3301,0,0,0,1,19696.678874579276,0,0,1,0,0,0,0,1783.99615091943,0,0,3821,0,20190502,20190502
21,187332.40121923,0,0,33,958,0,0,32309,1,1,0,0,172395.5231422217,0,0,1,0,0,0,0,14936.878077008301,0,0,35917,1,20190502,20190502
22,13403.2749142108,0,0,33,59,0,0,2637,0,0,0,1,11609.497082943071,0,0,0,0,1,0,0,1793.77783126773,0,0,3013,0,20190502,20190502
23,124123.661270195,0,0,33,579,0,0,28660,1,1,0,0,101396.5401913014,0,0,0,0,1,0,0,22727.121078893597,0,0,31823,1,20190502,20190502
24,402481.76852777,0,0,34,2019,0,0,22892,1,0,0,1,375612.21838543203,1,0,0,0,0,0,1,26869.550142337997,0,0,26326,1,20190503,20190503
25,3092863.8054414,5,5,31,14263,5,5,180901,6,1,0,0,2856846.07620884,9,0,0,0,0,0,1,236017.72923256,6,6,201147,6,20190503,20190503
26,94389.8726420316,0,0,33,421,0,0,9112,0,0,0,1,87003.48721980647,0,0,0,1,0,0,0,7386.385422225129,0,0,10460,0,20190503,20190503
27,794082.319245354,1,1,32,3895,1,1,97521,3,1,0,0,725245.9194573427,2,0,0,1,0,0,0,68836.3997880113,2,2,108268,3,20190503,20190503
28,83917.3526831042,0,0,33,410,0,0,9093,0,0,0,1,76436.59616467946,0,0,0,0,0,1,0,7480.7565184247305,0,0,10454,0,20190503,20190503
29,791761.355577002,1,1,32,3584,1,1,92229,3,1,0,0,724513.8079983897,2,0,0,0,0,1,0,67247.5475786124,2,2,102490,3,20190503,20190503
30,49346.490993487,0,0,33,248,0,0,4067,0,0,0,1,45238.013391915934,0,1,0,0,0,0,0,4108.47760157106,0,0,4613,0,20190503,20190503
31,506139.230877974,1,1,38,2202,1,1,45267,1,1,0,0,459936.29400312406,1,1,0,0,0,0,0,46202.936874849904,1,1,50195,1,20190503,20190503
32,27525.670840521,0,0,33,142,0,0,4085,0,0,0,1,26386.3775931975,0,0,1,0,0,0,0,1139.2932473235,0,0,4704,0,20190503,20190503
33,224720.488668487,0,0,33,1129,0,0,38534,1,1,0,0,206336.0952153964,0,0,1,0,0,0,0,18384.3934530906,0,0,42790,1,20190503,20190503
34,14155.846069180801,0,0,33,73,0,0,2911,0,0,0,1,11551.292911102231,0,0,0,0,1,0,0,2604.55315807857,0,0,3293,0,20190503,20190503
35,125834.939020894,0,0,33,618,0,0,30103,1,1,0,0,105752.47154075811,0,0,0,0,1,0,0,20082.4674801359,0,0,33502,1,20190503,20190503
36,384806.793202251,0,0,34,1708,0,0,18980,1,0,0,1,358243.6116364433,1,0,0,0,0,0,1,26563.181565807798,0,0,21673,1,20190504,20190504
37,3693910.87309139,6,6,31,17409,6,6,220192,6,1,0,0,3405412.1547419513,10,0,0,0,0,0,1,288498.718349439,7,7,244692,6,20190504,20190504
38,100203.12656782901,0,0,33,458,0,0,10491,0,0,0,1,94204.19465447213,0,0,0,1,0,0,0,5998.93191335687,0,0,12014,0,20190504,20190504
39,829615.631509956,1,1,32,4078,1,1,107782,3,1,0,0,756570.1406705752,2,0,0,1,0,0,0,73045.4908393809,2,2,119746,3,20190504,20190504
40,78023.77881093441,0,0,33,401,0,0,9312,0,0,0,1,72154.78685359537,0,0,0,0,0,1,0,5868.99195733903,0,0,10705,0,20190504,20190504
41,787939.328460225,1,1,32,4207,1,1,110325,3,1,0,0,686520.801933613,2,0,0,0,0,1,0,101418.526526612,3,3,122595,3,20190504,20190504
42,62796.7949317348,0,0,33,307,0,0,5316,0,0,0,1,57658.12816739512,0,1,0,0,0,0,0,5138.66676433968,0,0,6081,0,20190504,20190504
43,519507.642791298,1,1,38,2519,1,1,49535,2,1,0,0,469942.0573309692,1,1,0,0,0,0,0,49565.585460328795,1,1,54972,2,20190504,20190504
44,35443.9272188389,0,0,33,163,0,0,4595,0,0,0,1,32998.95152762239,0,0,1,0,0,0,0,2444.97569121651,0,0,5273,0,20190504,20190504
45,292020.68474593,0,0,39,1364,0,0,47493,1,1,0,0,268605.5399099763,1,0,1,0,0,0,0,23415.144835953706,0,0,52820,1,20190504,20190504
46,9313.25368975943,0,0,33,48,0,0,2330,0,0,0,1,7142.69649336356,0,0,0,0,1,0,0,2170.55719639587,0,0,2702,0,20190504,20190504
47,103615.55808764,0,0,33,496,0,0,24694,1,1,0,0,82233.18470877301,0,0,0,0,1,0,0,21382.373378867,0,0,27421,1,20190504,20190504
48,386784.80446272,0,0,34,1875,0,0,22166,1,0,0,1,360144.7911826067,1,0,0,0,0,0,1,26640.0132801133,0,0,25364,1,20190505,20190505
49,3180039.13556944,5,5,31,15977,5,5,206480,6,1,0,0,2913231.898216261,10,0,0,0,0,0,1,266807.23735317896,7,7,229611,6,20190505,20190505
50,89462.476687318,0,0,33,403,0,0,9403,0,0,0,1,84367.22398482602,0,0,0,1,0,0,0,5095.25270249198,0,0,10810,0,20190505,20190505
51,821641.694481185,1,1,32,3819,1,1,95424,3,1,0,0,754147.9103308547,2,0,0,1,0,0,0,67493.7841503304,2,2,105977,3,20190505,20190505
52,102656.727495021,0,0,33,521,0,0,12146,0,0,0,1,92103.9058562667,0,0,0,0,0,1,0,10552.8216387543,0,0,13967,0,20190505,20190505
53,942632.971737008,1,1,51,4301,1,1,111023,3,1,0,0,852967.1174360951,3,0,0,0,0,1,0,89665.85430091279,2,2,123141,3,20190505,20190505
54,46062.124206726105,0,0,33,212,0,0,4206,0,0,0,1,42416.56832064794,0,1,0,0,0,0,0,3645.55588607816,0,0,4835,0,20190505,20190505
55,507590.963888961,1,1,38,2525,1,1,51670,2,1,0,0,465249.8974211255,1,1,0,0,0,0,0,42341.066467835495,1,1,57361,2,20190505,20190505
56,29812.752370572,0,0,33,144,0,0,4334,0,0,0,1,28708.06625963463,0,0,1,0,0,0,0,1104.68611093737,0,0,4952,0,20190505,20190505
57,292996.25170907803,0,0,39,1351,0,0,47769,1,1,0,0,276700.9663826212,1,0,1,0,0,0,0,16295.285326456797,0,0,53015,1,20190505,20190505
58,17235.2438657911,0,0,33,83,0,0,3959,0,0,0,1,14054.12607969605,0,0,0,0,1,0,0,3181.11778609505,0,0,4494,0,20190505,20190505
59,130159.221737612,0,0,33,686,0,0,35566,1,1,0,0,104077.9143473448,0,0,0,0,1,0,0,26081.3073902672,0,0,39510,1,20190505,20190505
60,329469.67192873603,0,0,34,1660,0,0,20004,1,0,0,1,303299.04156026663,1,0,0,0,0,0,1,26170.6303684694,0,0,22868,1,20190506,20190506
61,2891677.55235247,5,5,31,14903,5,5,192441,6,1,0,0,2638268.417903611,8,0,0,0,0,0,1,253409.134448859,6,6,213915,6,20190506,20190506
62,74215.24300405309,0,0,33,333,0,0,8337,0,0,0,1,67839.13710559865,0,0,0,1,0,0,0,6376.10589845443,0,0,9558,0,20190506,20190506
63,658206.3098432539,1,1,32,3340,1,1,85724,3,1,0,0,594035.7340766735,2,0,0,1,0,0,0,64170.5757665804,2,2,95317,3,20190506,20190506
64,84644.2544000383,0,0,33,432,0,0,10285,0,0,0,1,77275.21551567924,0,0,0,0,0,1,0,7369.038884359059,0,0,11775,0,20190506,20190506
65,792387.0116703641,1,1,32,3848,1,1,97703,3,1,0,0,712907.4593111586,2,0,0,0,0,1,0,79479.5523592055,2,2,108749,3,20190506,20190506
66,52966.5210625175,0,0,33,255,0,0,4954,0,0,0,1,48494.85960543584,0,1,0,0,0,0,0,4471.66145708166,0,0,5677,0,20190506,20190506
67,508259.56559324794,1,1,38,2504,1,1,49324,2,1,0,0,461704.3017991338,1,1,0,0,0,0,0,46555.2637941142,1,1,54707,2,20190506,20190506
68,24055.1599790387,0,0,33,113,0,0,3895,0,0,0,1,22743.43936273015,0,0,1,0,0,0,0,1311.72061630855,0,0,4462,0,20190506,20190506
69,213981.17035163802,0,0,33,1061,0,0,38169,1,1,0,0,200132.2509562926,0,0,1,0,0,0,0,13848.9193953454,0,0,42427,1,20190506,20190506
70,19851.1593930812,0,0,33,98,0,0,3938,0,0,0,1,17584.025686252273,0,0,0,0,1,0,0,2267.13370682893,0,0,4505,0,20190506,20190506
71,154056.576155049,0,0,33,735,0,0,36363,1,1,0,0,124909.3816313432,0,0,0,0,1,0,0,29147.194523705806,1,1,40377,1,20190506,20190506
72,326336.278973725,0,0,34,1508,0,0,17621,0,0,0,1,302495.89624789136,1,0,0,0,0,0,1,23840.3827258336,0,0,20152,1,20190507,20190507
73,3084796.49114593,5,5,31,14356,5,5,186537,6,1,0,0,2816308.915801584,9,0,0,0,0,0,1,268487.575344346,7,7,206986,6,20190507,20190507
74,74634.0117641574,0,0,33,363,0,0,8660,0,0,0,1,68427.10460345015,0,0,0,1,0,0,0,6206.90716070725,0,0,9992,0,20190507,20190507
75,686398.150458247,1,1,32,3391,1,1,89590,3,1,0,0,627296.7623969255,2,0,0,1,0,0,0,59101.3880613216,2,2,99533,3,20190507,20190507
76,87736.81667007231,0,0,33,406,0,0,9835,0,0,0,1,79101.51162827385,0,0,0,0,0,1,0,8635.30504179846,0,0,11216,0,20190507,20190507
77,808873.0321303741,1,1,32,3602,1,1,92833,3,1,0,0,745674.0795905669,2,0,0,0,0,1,0,63198.9525398072,2,2,103200,3,20190507,20190507
78,45308.678319663304,0,0,33,225,0,0,4496,0,0,0,1,40639.932898039464,0,1,0,0,0,0,0,4668.74542162385,0,0,5166,0,20190507,20190507
79,476149.50453931297,1,1,38,2216,1,1,45089,1,1,0,0,433463.62581484095,1,1,0,0,0,0,0,42685.878724472,1,1,50052,1,20190507,20190507
80,23489.5976699968,0,0,33,105,0,0,3201,0,0,0,1,22332.060628769992,0,0,1,0,0,0,0,1157.53704122681,0,0,3659,0,20190507,20190507
81,201456.09454123199,0,0,33,942,0,0,32763,1,1,0,0,190294.65972201142,0,0,1,0,0,0,0,11161.4348192206,0,0,36430,1,20190507,20190507
82,11258.4134209285,0,0,33,51,0,0,2554,0,0,0,1,9294.41460897111,0,0,0,0,1,0,0,1963.9988119573895,0,0,2939,0,20190507,20190507
83,98650.67556620608,0,0,33,457,0,0,23207,1,1,0,0,78171.44517631369,0,0,0,0,1,0,0,20479.2303898924,0,0,25809,1,20190507,20190507
84,293500.633009509,0,0,34,1504,0,0,17706,0,0,0,1,269996.4359514449,1,0,0,0,0,0,1,23504.197058064103,0,0,20278,1,20190508,20190508
85,2487764.41552479,4,4,31,12121,4,4,158452,5,1,0,0,2291635.3006297983,8,0,0,0,0,0,1,196129.114894992,5,5,175995,5,20190508,20190508
86,65760.34747726259,0,0,33,332,0,0,7443,0,0,0,1,60972.72743013794,0,0,0,1,0,0,0,4787.62004712465,0,0,8505,0,20190508,20190508
87,605232.063714511,1,1,38,2845,1,1,78561,2,1,0,0,535959.1510470265,2,0,0,1,0,0,0,69272.9126674844,2,2,87314,2,20190508,20190508
88,53927.0651257255,0,0,33,261,0,0,7013,0,0,0,1,48655.14308736626,0,0,0,0,0,1,0,5271.92203835925,0,0,8056,0,20190508,20190508
89,627108.849750361,1,1,32,2891,1,1,76818,2,1,0,0,554339.7263347436,2,0,0,0,0,1,0,72769.1234156175,2,2,85347,2,20190508,20190508
90,25571.272630005802,0,0,33,126,0,0,3024,0,0,0,1,22850.95885213716,0,1,0,0,0,0,0,2720.31377786864,0,0,3468,0,20190508,20190508
91,352062.442009979,0,0,34,1555,0,0,32885,1,1,0,0,316514.426406822,1,1,0,0,0,0,0,35548.015603157,1,1,36543,1,20190508,20190508
92,22651.522032317906,0,0,33,110,0,0,3568,0,0,0,1,20953.227591625757,0,0,1,0,0,0,0,1698.29444069215,0,0,4051,0,20190508,20190508
93,183850.46292217105,0,0,33,943,0,0,33944,1,1,0,0,169601.48763505323,0,0,1,0,0,0,0,14248.9752871178,0,0,37688,1,20190508,20190508
94,20053.1714398295,0,0,33,93,0,0,3936,0,0,0,1,16177.69401601723,0,0,0,0,1,0,0,3875.4774238122704,0,0,4538,0,20190508,20190508
95,145714.310451419,0,0,33,659,0,0,34355,1,1,0,0,122666.89808108313,0,0,0,0,1,0,0,23047.4123703359,0,0,38135,1,20190508,20190508
96,254340.009505283,0,0,39,1229,0,0,14586,0,0,0,1,237049.901577331,0,0,0,0,0,0,1,17290.107927951998,0,0,16661,0,20190509,20190509
97,2286531.12250904,4,4,31,11585,4,4,152441,5,1,0,0,2084832.6228189496,7,0,0,0,0,0,1,201698.49969009,5,5,169761,5,20190509,20190509
98,59284.578053548204,0,0,33,292,0,0,6954,0,0,0,1,54530.82487089031,0,0,0,1,0,0,0,4753.7531826579,0,0,7963,0,20190509,20190509
99,671780.228402584,1,1,32,3137,1,1,82969,3,1,0,0,619375.3259806911,2,0,0,1,0,0,0,52404.9024218929,1,1,92129,3,20190509,20190509
100,63294.3571091262,0,0,33,326,0,0,8179,0,0,0,1,56317.87103179823,0,0,0,0,0,1,0,6976.48607732797,0,0,9317,0,20190509,20190509
101,707511.803285801,1,1,32,3320,1,1,87511,3,1,0,0,640680.7680201785,2,0,0,0,0,1,0,66831.0352656224,2,2,97221,3,20190509,20190509
102,38014.3945013197,0,0,33,181,0,0,3696,0,0,0,1,34894.98236484302,0,1,0,0,0,0,0,3119.41213647668,0,0,4175,0,20190509,20190509
103,336902.33732074697,0,0,34,1648,0,0,35978,1,1,0,0,305927.5968209001,1,1,0,0,0,0,0,30974.7404998469,1,1,39927,1,20190509,20190509
104,17979.2567179897,0,0,33,94,0,0,2862,0,0,0,1,16876.264505972358,0,0,1,0,0,0,0,1102.99221201734,0,0,3284,0,20190509,20190509
105,175713.576955028,0,0,33,840,0,0,28270,1,1,0,0,165685.0324954269,0,0,1,0,0,0,0,10028.5444596011,0,0,31441,1,20190509,20190509
106,13875.794602596201,0,0,33,71,0,0,2745,0,0,0,1,11562.17089106111,0,0,0,0,1,0,0,2313.6237115350896,0,0,3192,0,20190509,20190509
107,80971.7814703044,0,0,33,397,0,0,23053,1,1,0,0,60094.2043679771,0,0,0,0,1,0,0,20877.5771023273,0,0,25596,1,20190509,20190509
108,331714.852816098,0,0,34,1546,0,0,18869,1,0,0,1,305285.0637423287,1,0,0,0,0,0,1,26429.7890737693,0,0,21611,1,20190510,20190510
109,2747058.71767423,5,5,31,14368,5,5,192101,6,1,0,0,2542698.4017101224,8,0,0,0,0,0,1,204360.315964108,5,5,213588,6,20190510,20190510
110,70347.7599920643,0,0,33,342,0,0,8562,0,0,0,1,65360.86853583584,0,0,0,1,0,0,0,4986.89145622846,0,0,9804,0,20190510,20190510
111,765600.0036182691,1,1,32,3799,1,1,100417,3,1,0,0,677789.0649704346,2,0,0,1,0,0,0,87810.9386478345,2,2,111674,3,20190510,20190510
112,81465.5707709412,0,0,33,384,0,0,8653,0,0,0,1,74815.59139279253,0,0,0,0,0,1,0,6649.979378148671,0,0,9983,0,20190510,20190510
113,693495.48378001,1,1,32,3378,1,1,89811,3,1,0,0,614544.1304567389,2,0,0,0,0,1,0,78951.3533232713,2,2,99826,3,20190510,20190510
114,68621.8609051215,0,0,33,323,0,0,5366,0,0,0,1,62196.80027103852,0,1,0,0,0,0,0,6425.060634082989,0,0,6096,0,20190510,20190510
115,523555.025764629,1,1,38,2558,1,1,52759,2,1,0,0,469194.8784250318,1,1,0,0,0,0,0,54360.1473395972,2,2,58676,2,20190510,20190510
116,16855.7603189346,0,0,33,81,0,0,2664,0,0,0,1,16208.11891749,0,0,1,0,0,0,0,647.641401444602,0,0,3049,0,20190510,20190510
117,183793.082969581,0,0,33,869,0,0,28634,1,1,0,0,172477.9089206939,0,0,1,0,0,0,0,11315.1740488871,0,0,31820,1,20190510,20190510
118,13859.718388914,0,0,33,68,0,0,3324,0,0,0,1,11620.421301006729,0,0,0,0,1,0,0,2239.29708790727,0,0,3793,0,20190510,20190510
119,109651.35693341901,0,0,33,536,0,0,30795,1,1,0,0,93187.1991712914,0,0,0,0,1,0,0,16464.1577621276,0,0,34285,1,20190510,20190510
120,392170.603351906,0,0,34,1942,0,0,23272,1,0,0,1,362028.39422689023,1,0,0,0,0,0,1,30142.2091250158,1,1,26672,1,20190511,20190511
121,3419416.10317069,6,6,31,16070,6,6,214339,6,1,0,0,3174930.592444146,10,0,0,0,0,0,1,244485.510726544,6,6,238199,6,20190511,20190511
122,89436.53680684199,0,0,33,418,0,0,8542,0,0,0,1,83112.81140350495,0,0,0,1,0,0,0,6323.72540333704,0,0,9793,0,20190511,20190511
123,779245.401743316,1,1,32,3885,1,1,108245,3,1,0,0,710266.2686085823,2,0,0,1,0,0,0,68979.13313473361,2,2,120376,3,20190511,20190511
124,67122.2299565949,0,0,33,318,0,0,8299,0,0,0,1,60070.11014747028,0,0,0,0,0,1,0,7052.1198091246215,0,0,9457,0,20190511,20190511
125,793822.837959385,1,1,32,3635,1,1,100599,3,1,0,0,728066.1130171765,2,0,0,0,0,1,0,65756.7249422084,2,2,111630,3,20190511,20190511
126,53059.393447828894,0,0,33,274,0,0,5253,0,0,0,1,47748.809190352746,0,1,0,0,0,0,0,5310.58425747615,0,0,6021,0,20190511,20190511
127,543118.967776885,1,1,38,2556,1,1,54727,2,1,0,0,487357.3836756703,1,1,0,0,0,0,0,55761.5841012147,2,2,60687,2,20190511,20190511
128,18643.4013137994,0,0,33,92,0,0,3409,0,0,0,1,16964.376507566212,0,0,1,0,0,0,0,1679.02480623319,0,0,3918,0,20190511,20190511
129,217828.62995464695,0,0,33,933,0,0,31234,1,1,0,0,202135.65569541138,0,0,1,0,0,0,0,15692.974259235601,0,0,34797,1,20190511,20190511
130,11760.5861230465,0,0,33,54,0,0,2586,0,0,0,1,9365.983831041129,0,0,0,0,1,0,0,2394.6022920053697,0,0,2947,0,20190511,20190511
131,113970.788205188,0,0,33,534,0,0,27811,1,1,0,0,93048.508379781,0,0,0,0,1,0,0,20922.279825407,0,0,30886,1,20190511,20190511
132,328376.969572588,0,0,34,1552,0,0,18229,1,0,0,1,301302.441526548,1,0,0,0,0,0,1,27074.52804604,0,0,20829,1,20190512,20190512
133,3207689.06264939,5,5,31,16000,5,5,216934,6,1,0,0,2908174.50059184,10,0,0,0,0,0,1,299514.56205755,7,7,241324,6,20190512,20190512
134,86225.5834358236,0,0,33,407,0,0,9672,0,0,0,1,77819.13272652944,0,0,0,1,0,0,0,8406.450709294159,0,0,11063,0,20190512,20190512
135,826621.122702271,1,1,32,4291,1,1,113893,4,1,0,0,753415.1159374425,2,0,0,1,0,0,0,73206.00676482849,2,2,126712,4,20190512,20190512
136,87951.2080098602,0,0,33,417,0,0,9750,0,0,0,1,78961.41790021877,0,0,0,0,0,1,0,8989.79010964142,0,0,11210,0,20190512,20190512
137,772337.8335319291,1,1,32,3805,1,1,100637,3,1,0,0,693173.7396619737,2,0,0,0,0,1,0,79164.0938699554,2,2,111773,3,20190512,20190512
138,69031.44033683231,0,0,33,337,0,0,6189,0,0,0,1,63675.766923132585,0,1,0,0,0,0,0,5355.67341369972,0,0,7120,0,20190512,20190512
139,597704.230155783,1,1,32,2877,1,1,63092,2,1,0,0,547790.1346752886,2,1,0,0,0,0,0,49914.0954804946,1,1,70061,2,20190512,20190512
140,41221.736948729,0,0,33,204,0,0,6104,0,0,0,1,38461.49500873215,0,0,1,0,0,0,0,2760.24193999685,0,0,6996,0,20190512,20190512
141,318599.336506003,0,0,39,1412,0,0,53174,2,1,0,0,291147.5525836807,1,0,1,0,0,0,0,27451.783922322295,1,1,59028,2,20190512,20190512
142,14923.0854119795,0,0,33,74,0,0,3668,0,0,0,1,12951.859346769032,0,0,0,0,1,0,0,1971.2260652104694,0,0,4208,0,20190512,20190512
143,124717.51340284699,0,0,33,554,0,0,30070,1,1,0,0,98507.2570041717,0,0,0,0,1,0,0,26210.256398675298,0,0,33374,1,20190512,20190512
144,360081.021710075,0,0,34,1637,0,0,20319,1,0,0,1,330353.94751901296,1,0,0,0,0,0,1,29727.074191062,1,1,23251,1,20190513,20190513
145,2830666.75247737,5,5,31,14227,5,5,190653,6,1,0,0,2624087.9629008314,8,0,0,0,0,0,1,206578.78957653895,5,5,211726,6,20190513,20190513
146,67825.8971041921,0,0,33,349,0,0,9479,0,0,0,1,59402.941765009404,0,0,0,1,0,0,0,8422.9553391827,0,0,10755,0,20190513,20190513
147,739234.7680134829,1,1,32,3223,1,1,86343,3,1,0,0,665166.4319774412,2,0,0,1,0,0,0,74068.3360360417,2,2,95862,3,20190513,20190513
148,72640.6340321631,0,0,33,385,0,0,9212,0,0,0,1,65568.44709899442,0,0,0,0,0,1,0,7072.186933168679,0,0,10552,0,20190513,20190513
149,737070.172304253,1,1,32,3538,1,1,96687,3,1,0,0,669733.3472431537,2,0,0,0,0,1,0,67336.8250610993,2,2,107277,3,20190513,20190513
150,35468.7526026148,0,0,33,171,0,0,3363,0,0,0,1,32442.70214767396,0,1,0,0,0,0,0,3026.0504549408397,0,0,3816,0,20190513,20190513
151,416486.80261196295,0,0,38,2025,0,0,43438,1,1,0,0,367191.65768987883,1,1,0,0,0,0,0,49295.1449220842,1,1,48148,1,20190513,20190513
152,23412.184655102203,0,0,33,112,0,0,3864,0,0,0,1,21695.330265973724,0,0,1,0,0,0,0,1716.8543891284805,0,0,4417,0,20190513,20190513
153,223865.03103426602,0,0,33,1044,0,0,37565,1,1,0,0,210486.88257331704,0,0,1,0,0,0,0,13378.148460949,0,0,41864,1,20190513,20190513
154,10090.3597736021,0,0,33,49,0,0,2579,0,0,0,1,8142.16771303913,0,0,0,0,1,0,0,1948.19206056297,0,0,2938,0,20190513,20190513
155,98941.41252630287,0,0,33,465,0,0,26584,1,1,0,0,80158.26538006858,0,0,0,0,1,0,0,18783.1471462343,0,0,29645,1,20190513,20190513
156,299514.059971709,0,0,34,1450,0,0,18578,1,0,0,1,272631.3533187514,1,0,0,0,0,0,1,26882.706652957597,0,0,21295,1,20190514,20190514
157,2938784.44572611,5,5,31,13922,5,5,187264,6,1,0,0,2644511.594966789,8,0,0,0,0,0,1,294272.850759321,7,7,208096,6,20190514,20190514
158,75032.8300799522,0,0,33,352,0,0,8487,0,0,0,1,69808.81748352983,0,0,0,1,0,0,0,5224.01259642236,0,0,9805,0,20190514,20190514
159,691589.789581662,1,1,32,3248,1,1,89900,3,1,0,0,632458.8256923894,2,0,0,1,0,0,0,59130.9638892726,2,2,100128,3,20190514,20190514
160,69912.2452730602,0,0,33,328,0,0,8446,0,0,0,1,64220.763133941444,0,0,0,0,0,1,0,5691.4821391187415,0,0,9662,0,20190514,20190514
161,695137.9048131771,1,1,32,3553,1,1,96278,3,1,0,0,620556.7753400977,2,0,0,0,0,1,0,74581.1294730793,2,2,107050,3,20190514,20190514
162,43175.3763850559,0,0,33,218,0,0,4244,0,0,0,1,38987.013664561135,0,1,0,0,0,0,0,4188.36272049476,0,0,4896,0,20190514,20190514
163,417872.84369302704,0,0,38,1946,0,0,42466,1,1,0,0,375605.4238123101,1,1,0,0,0,0,0,42267.419880717,1,1,47154,1,20190514,20190514
164,25902.075498858398,0,0,33,121,0,0,4454,0,0,0,1,24315.72826247516,0,0,1,0,0,0,0,1586.34723638324,0,0,5108,0,20190514,20190514
165,212631.28899338,0,0,33,1033,0,0,38501,1,1,0,0,191831.8263495109,0,0,1,0,0,0,0,20799.462643869098,0,0,42807,1,20190514,20190514
166,8384.68716242005,0,0,33,40,0,0,2614,0,0,0,1,6344.589645305261,0,0,0,0,1,0,0,2040.0975171147895,0,0,3004,0,20190514,20190514
167,99839.8195901574,0,0,33,453,0,0,24398,1,1,0,0,82492.95546843481,0,0,0,0,1,0,0,17346.8641217226,0,0,27156,1,20190514,20190514
168,305367.964379583,0,0,34,1391,0,0,17389,0,0,0,1,285135.7599279848,1,0,0,0,0,0,1,20232.2044515982,0,0,20028,1,20190515,20190515
169,2218132.67346305,4,4,31,12307,4,4,166426,5,1,0,0,1999725.8804542131,7,0,0,0,0,0,1,218406.793008837,6,6,184866,5,20190515,20190515
170,63224.4542808308,0,0,33,303,0,0,8234,0,0,0,1,57285.43547198293,0,0,0,1,0,0,0,5939.01880884788,0,0,9448,0,20190515,20190515
171,544291.271889705,1,1,38,2693,1,1,76459,2,1,0,0,476697.51953780476,1,0,0,1,0,0,0,67593.7523519002,2,2,85228,2,20190515,20190515
172,58671.4512207716,0,0,33,279,0,0,6841,0,0,0,1,53658.17725846412,0,0,0,0,0,1,0,5013.27396230749,0,0,7862,0,20190515,20190515
173,623645.500627141,1,1,32,2956,1,1,82317,3,1,0,0,550271.6218455938,2,0,0,0,0,1,0,73373.8787815472,2,2,91266,3,20190515,20190515
174,37123.720049718395,0,0,33,167,0,0,3311,0,0,0,1,33850.387211503185,0,1,0,0,0,0,0,3273.33283821521,0,0,3743,0,20190515,20190515
175,288178.656535868,0,0,34,1477,0,0,33151,1,1,0,0,250813.05514782388,0,1,0,0,0,0,0,37365.6013880442,1,1,36805,1,20190515,20190515
176,23018.6737928128,0,0,33,108,0,0,3187,0,0,0,1,21705.28845074778,0,0,1,0,0,0,0,1313.38534206502,0,0,3666,0,20190515,20190515
177,201091.718958305,0,0,33,912,0,0,33260,1,1,0,0,184524.56309537895,0,0,1,0,0,0,0,16567.155862926,0,0,36893,1,20190515,20190515
178,14549.5903926596,0,0,33,70,0,0,3360,0,0,0,1,11882.827725123509,0,0,0,0,1,0,0,2666.76266753609,0,0,3889,0,20190515,20190515
179,109762.536947899,0,0,33,505,0,0,29025,1,1,0,0,83808.0640446404,0,0,0,0,1,0,0,25954.4729032586,0,0,32196,1,20190515,20190515
180,283063.089122207,0,0,34,1406,0,0,17053,0,0,0,1,259433.63405592265,1,0,0,0,0,0,1,23629.455066284398,0,0,19499,0,20190516,20190516
181,2372885.35026886,4,4,31,12099,4,4,164315,5,1,0,0,2162325.275408114,8,0,0,0,0,0,1,210560.074860746,5,5,182492,5,20190516,20190516
182,84707.906422498,0,0,33,387,0,0,9042,0,0,0,1,77419.74395102027,0,0,0,1,0,0,0,7288.16247147772,0,0,10327,0,20190516,20190516
183,581027.788962762,1,1,38,3009,1,1,85168,3,1,0,0,524529.2460709057,2,0,0,1,0,0,0,56498.5428918563,2,2,94656,3,20190516,20190516
184,71051.5706460924,0,0,33,350,0,0,8349,0,0,0,1,63624.36755662484,0,0,0,0,0,1,0,7427.20308946756,0,0,9577,0,20190516,20190516
185,554764.61501859,1,1,38,2625,1,1,72929,2,1,0,0,488467.01675647526,1,0,0,0,0,1,0,66297.5982621148,2,2,81091,2,20190516,20190516
186,35833.0513483007,0,0,33,169,0,0,3433,0,0,0,1,32403.738339270752,0,1,0,0,0,0,0,3429.31300902995,0,0,3925,0,20190516,20190516
187,399821.940752348,0,0,34,1787,0,0,39977,1,1,0,0,361844.73801688815,1,1,0,0,0,0,0,37977.20273545991,1,1,44391,1,20190516,20190516
188,34596.2372292748,0,0,33,167,0,0,4748,0,0,0,1,31988.026104730816,0,0,1,0,0,0,0,2608.21112454398,0,0,5432,0,20190516,20190516
189,230701.274727381,0,0,33,1081,0,0,41865,1,1,0,0,217506.4730022445,0,0,1,0,0,0,0,13194.801725136498,0,0,46502,1,20190516,20190516
190,10246.0850141264,0,0,33,47,0,0,3001,0,0,0,1,8005.54104825793,0,0,0,0,1,0,0,2240.54396586847,0,0,3409,0,20190516,20190516
191,119374.711807806,0,0,33,581,0,0,30789,1,1,0,0,93116.70465882789,0,0,0,0,1,0,0,26258.0071489781,0,0,34285,1,20190516,20190516
192,204068.44164026895,0,0,33,1063,0,0,13396,0,0,0,1,186746.33295807772,0,0,0,0,0,0,1,17322.1086821912,0,0,15288,0,20190517,20190517
193,2892531.24734363,5,5,31,13372,5,5,187570,6,1,0,0,2672665.235427705,9,0,0,0,0,0,1,219866.011915925,6,6,208736,6,20190517,20190517
194,77878.0954899917,0,0,33,359,0,0,9659,0,0,0,1,71687.11265484041,0,0,0,1,0,0,0,6190.98283515128,0,0,11042,0,20190517,20190517
195,685989.695346045,1,1,32,3307,1,1,91647,3,1,0,0,629097.4995665622,2,0,0,1,0,0,0,56892.195779482696,2,2,101727,3,20190517,20190517
196,80639.51845634071,0,0,33,371,0,0,9342,0,0,0,1,72948.5169650259,0,0,0,0,0,1,0,7691.0014913148,0,0,10695,0,20190517,20190517
197,645270.944010424,1,1,32,2934,1,1,82693,3,1,0,0,582204.8657882122,2,0,0,0,0,1,0,63066.0782222118,2,2,92161,3,20190517,20190517
198,52495.3177946033,0,0,33,261,0,0,5448,0,0,0,1,45960.44928902252,0,1,0,0,0,0,0,6534.86850558078,0,0,6263,0,20190517,20190517
199,462524.30713795795,1,1,38,2381,1,1,51762,2,1,0,0,413068.8443073653,1,1,0,0,0,0,0,49455.46283059259,1,1,57500,2,20190517,20190517
200,19511.6095397069,0,0,33,89,0,0,3657,0,0,0,1,17984.00798402596,0,0,1,0,0,0,0,1527.60155568094,0,0,4242,0,20190517,20190517
201,201748.11043447696,0,0,33,926,0,0,32750,1,1,0,0,181993.594273595,0,0,1,0,0,0,0,19754.516160881998,0,0,36400,1,20190517,20190517
202,9699.64897975819,0,0,33,46,0,0,2650,0,0,0,1,7347.149573773071,0,0,0,0,1,0,0,2352.49940598512,0,0,3027,0,20190517,20190517
203,103825.99353282401,0,0,33,478,0,0,27190,1,1,0,0,82360.0725859865,0,0,0,0,1,0,0,21465.9209468375,0,0,30196,1,20190517,20190517
204,369700.0961062521,0,0,52,1810,0,0,22862,1,0,0,1,340097.3104780851,1,0,0,0,0,0,1,29602.7856281669,1,1,26232,1,20190518,20190518
205,2961148.35044242,5,5,31,14286,5,5,196048,6,1,0,0,2690802.5873761442,9,0,0,0,0,0,1,270345.76306627603,7,7,217743,6,20190518,20190518
206,84909.82971656299,0,0,33,398,0,0,10543,0,0,0,1,78219.24190016973,0,0,0,1,0,0,0,6690.58781639327,0,0,12082,0,20190518,20190518
207,757380.002650908,1,1,32,3886,1,1,106341,3,1,0,0,694850.9572705799,2,0,0,1,0,0,0,62529.0453803281,2,2,118269,3,20190518,20190518
208,91844.245457361,0,0,33,406,0,0,10252,0,0,0,1,83359.38195425272,0,0,0,0,0,1,0,8484.86350310827,0,0,11732,0,20190518,20190518
209,778762.557170912,1,1,32,3662,1,1,100906,3,1,0,0,686566.17192481,2,0,0,0,0,1,0,92196.38524610199,2,2,112014,3,20190518,20190518
210,54305.732779595586,0,0,33,282,0,0,6368,0,0,0,1,47086.26916145717,0,1,0,0,0,0,0,7219.46361813843,0,0,7250,0,20190518,20190518
211,589982.943749969,1,1,38,2887,1,1,64021,2,1,0,0,523014.20374600386,2,1,0,0,0,0,0,66968.7400039652,2,2,71191,2,20190518,20190518
212,26972.1441713607,0,0,33,128,0,0,5019,0,0,0,1,25521.04718865731,0,0,1,0,0,0,0,1451.0969827033898,0,0,5745,0,20190518,20190518
213,262844.463015329,0,0,39,1243,0,0,45343,1,1,0,0,243034.0193006068,0,0,1,0,0,0,0,19810.443714722198,0,0,50347,1,20190518,20190518
214,16365.331794355201,0,0,33,76,0,0,3270,0,0,0,1,13839.138488502658,0,0,0,0,1,0,0,2526.19330585254,0,0,3757,0,20190518,20190518
215,128217.432374893,0,0,33,599,0,0,33090,1,1,0,0,101496.3591658543,0,0,0,0,1,0,0,26721.073209038706,0,0,36815,1,20190518,20190518
216,361579.858237716,0,0,34,1809,0,0,22211,1,0,0,1,333227.2349426344,1,0,0,0,0,0,1,28352.6232950816,1,1,25430,1,20190519,20190519
217,3073974.49070368,5,5,31,14497,5,5,197991,6,1,0,0,2793019.538021311,9,0,0,0,0,0,1,280954.952682369,7,7,219888,6,20190519,20190519
218,108894.748506422,0,0,33,493,0,0,11113,0,0,0,1,100941.44100445653,0,0,0,1,0,0,0,7953.30750196548,0,0,12737,0,20190519,20190519
219,835279.052458896,1,1,32,3787,1,1,101875,3,1,0,0,771594.241296704,3,0,0,1,0,0,0,63684.8111621919,2,2,113247,3,20190519,20190519
220,65697.6671454248,0,0,33,328,0,0,8927,0,0,0,1,57559.96679809961,0,0,0,0,0,1,0,8137.700347325191,0,0,10289,0,20190519,20190519
221,757058.2318754441,1,1,32,3609,1,1,100715,3,1,0,0,674750.4069670644,2,0,0,0,0,1,0,82307.8249083797,2,2,111859,3,20190519,20190519
222,49085.692150079696,0,0,33,239,0,0,4715,0,0,0,1,43989.794440422724,0,1,0,0,0,0,0,5095.897709656971,0,0,5388,0,20190519,20190519
223,522573.734301086,1,1,38,2514,1,1,54627,2,1,0,0,466321.40221335774,1,1,0,0,0,0,0,56252.332087728304,2,2,60677,2,20190519,20190519
224,30371.589740929103,0,0,33,149,0,0,4424,0,0,0,1,28501.017083925763,0,0,1,0,0,0,0,1870.57265700334,0,0,5109,0,20190519,20190519
225,242684.428403848,0,0,33,1152,0,0,41104,1,1,0,0,226688.3315886369,0,0,1,0,0,0,0,15996.096815211102,0,0,45662,1,20190519,20190519
226,10370.5603139075,0,0,33,52,0,0,2791,0,0,0,1,8008.769359751599,0,0,0,0,1,0,0,2361.7909541559,0,0,3159,0,20190519,20190519
227,108388.75675296801,0,0,33,529,0,0,27035,1,1,0,0,80883.61142227711,0,0,0,0,1,0,0,27505.1453306909,1,1,30019,1,20190519,20190519
228,312370.28518550604,0,0,34,1505,0,0,18590,1,0,0,1,288924.97454262123,1,0,0,0,0,0,1,23445.3106428848,0,0,21212,1,20190520,20190520
229,2717429.77729168,5,5,31,14060,5,5,191802,6,1,0,0,2475348.8581134053,8,0,0,0,0,0,1,242080.919178275,6,6,212931,6,20190520,20190520
230,62609.9423401796,0,0,33,296,0,0,7807,0,0,0,1,57975.66427654957,0,0,0,1,0,0,0,4634.27806363002,0,0,8918,0,20190520,20190520
231,869028.536497582,1,1,51,4042,1,1,107137,3,1,0,0,796356.4621865032,3,0,0,1,0,0,0,72672.0743110786,2,2,119203,3,20190520,20190520
232,86964.1831363198,0,0,33,383,0,0,9577,0,0,0,1,79626.37015330122,0,0,0,0,0,1,0,7337.812983018579,0,0,11014,0,20190520,20190520
233,708670.879255406,1,1,32,3559,1,1,100048,3,1,0,0,619086.5357827867,2,0,0,0,0,1,0,89584.3434726193,2,2,111073,3,20190520,20190520
234,42865.5023525215,0,0,33,204,0,0,4315,0,0,0,1,38459.44019565087,0,1,0,0,0,0,0,4406.06215687063,0,0,4953,0,20190520,20190520
235,348670.45859092,0,0,39,1744,0,0,38707,1,1,0,0,308236.8337617946,1,1,0,0,0,0,0,40433.6248291254,1,1,42946,1,20190520,20190520
236,29523.9956982935,0,0,33,132,0,0,4644,0,0,0,1,27652.64294757899,0,0,1,0,0,0,0,1871.3527507145104,0,0,5302,0,20190520,20190520
237,222059.752327853,0,0,33,1159,0,0,41239,1,1,0,0,197100.4902776527,0,0,1,0,0,0,0,24959.262050200297,0,0,45783,1,20190520,20190520
238,15564.2949448194,0,0,33,77,0,0,3867,0,0,0,1,12835.6450032555,0,0,0,0,1,0,0,2728.6499415639,0,0,4456,0,20190520,20190520
239,146056.539275402,0,0,33,667,0,0,34503,1,1,0,0,117186.5797377182,0,0,0,0,1,0,0,28869.9595376838,1,1,38379,1,20190520,20190520
240,325116.31246114,0,0,34,1455,0,0,17741,1,0,0,1,299768.62815678515,1,0,0,0,0,0,1,25347.6843043548,0,0,20336,1,20190521,20190521
241,2633841.57257805,4,4,31,13293,5,5,179992,6,1,0,0,2405948.3662035917,8,0,0,0,0,0,1,227893.206374458,6,6,200142,6,20190521,20190521
242,91828.22404452741,0,0,33,441,0,0,10589,0,0,0,1,84489.84858584878,0,0,0,1,0,0,0,7338.37545867864,0,0,12093,0,20190521,20190521
243,810707.3490794491,1,1,32,3697,1,1,99815,3,1,0,0,748447.9743383188,2,0,0,1,0,0,0,62259.3747411304,2,2,110883,3,20190521,20190521
244,57157.7689033159,0,0,33,271,0,0,6752,0,0,0,1,51402.63120894457,0,0,0,0,0,1,0,5755.137694371329,0,0,7771,0,20190521,20190521
245,653677.007247041,1,1,32,3350,1,1,89859,3,1,0,0,576174.069865156,2,0,0,0,0,1,0,77502.937381885,2,2,99897,3,20190521,20190521
246,42528.3758700102,0,0,33,214,0,0,4217,0,0,0,1,38305.7908774644,0,1,0,0,0,0,0,4222.584992545801,0,0,4843,0,20190521,20190521
247,445962.1710846221,1,1,38,2185,1,1,47776,1,1,0,0,394936.8986319479,1,1,0,0,0,0,0,51025.2724526741,1,1,53085,1,20190521,20190521
248,26717.5444776371,0,0,33,123,0,0,3992,0,0,0,1,24951.784978646156,0,0,1,0,0,0,0,1765.7594989909396,0,0,4576,0,20190521,20190521
249,192042.808623371,0,0,33,957,0,0,33319,1,1,0,0,180445.24153869128,0,0,1,0,0,0,0,11597.5670846797,0,0,37063,1,20190521,20190521
250,10831.3155167186,0,0,33,53,0,0,2926,0,0,0,1,8559.0310873198,0,0,0,0,1,0,0,2272.2844293988,0,0,3324,0,20190521,20190521
251,120521.646148759,0,0,33,531,0,0,25957,1,1,0,0,104052.2138817582,0,0,0,0,1,0,0,16469.4322670008,0,0,28826,1,20190521,20190521
252,297802.474691278,0,0,34,1342,0,0,16813,0,0,0,1,277197.0790046518,1,0,0,0,0,0,1,20605.3956866262,0,0,19230,0,20190522,20190522
253,2503582.96077746,4,4,31,11697,4,4,159018,5,1,0,0,2269364.190729765,8,0,0,0,0,0,1,234218.770047695,6,6,176551,5,20190522,20190522
254,53690.901408120895,0,0,33,275,0,0,6502,0,0,0,1,49300.32267174206,0,0,0,1,0,0,0,4390.5787363788395,0,0,7475,0,20190522,20190522
255,679744.737268936,1,1,32,2932,1,1,78436,2,1,0,0,624888.7692737436,2,0,0,1,0,0,0,54855.967995192404,2,2,86954,2,20190522,20190522
256,59218.4171844667,0,0,33,276,0,0,6255,0,0,0,1,54088.79880901669,0,0,0,0,0,1,0,5129.618375450011,0,0,7172,0,20190522,20190522
257,595387.539737365,1,1,38,2898,1,1,76794,2,1,0,0,535990.1863437478,2,0,0,0,0,1,0,59397.353393617195,2,2,85426,2,20190522,20190522
258,33322.4164644899,0,0,33,158,0,0,3163,0,0,0,1,30455.636076092094,0,1,0,0,0,0,0,2866.7803883978004,0,0,3592,0,20190522,20190522
259,356919.56480256,0,0,38,1873,0,0,40257,1,1,0,0,323768.8930502354,1,1,0,0,0,0,0,33150.6717523246,1,1,44755,1,20190522,20190522
260,19477.1617628625,0,0,33,96,0,0,3132,0,0,0,1,18392.4527956666,0,0,1,0,0,0,0,1084.7089671959,0,0,3578,0,20190522,20190522
261,188100.79015790398,0,0,33,864,0,0,29543,1,1,0,0,172089.69837880667,0,0,1,0,0,0,0,16011.0917790973,0,0,32856,1,20190522,20190522
262,10724.513567996999,0,0,33,51,0,0,2919,0,0,0,1,8679.388195472598,0,0,0,0,1,0,0,2045.1253725244,0,0,3338,0,20190522,20190522
263,106464.110676711,0,0,33,488,0,0,28439,1,1,0,0,82735.72050060352,0,0,0,0,1,0,0,23728.3901761075,0,0,31616,1,20190522,20190522
264,298740.81783346104,0,0,34,1474,0,0,18116,1,0,0,1,276114.4723719644,1,0,0,0,0,0,1,22626.345461496603,0,0,20778,1,20190523,20190523
265,2518226.46996069,4,4,31,12547,4,4,163237,5,1,0,0,2291186.4344005683,8,0,0,0,0,0,1,227040.035560122,6,6,181571,5,20190523,20190523
266,72287.4514721771,0,0,33,342,0,0,7804,0,0,0,1,66267.93030794358,0,0,0,1,0,0,0,6019.5211642335,0,0,8918,0,20190523,20190523
267,578900.103968894,1,1,38,2882,1,1,79382,2,1,0,0,511138.994798509,2,0,0,1,0,0,0,67761.109170385,2,2,87999,2,20190523,20190523
268,57431.742788870186,0,0,33,295,0,0,7221,0,0,0,1,52625.35572314298,0,0,0,0,0,1,0,4806.38706572721,0,0,8267,0,20190523,20190523
269,681458.608390536,1,1,32,3125,1,1,83162,3,1,0,0,613569.6292914071,2,0,0,0,0,1,0,67888.979099129,2,2,92412,3,20190523,20190523
270,33435.1960217377,0,0,33,174,0,0,3614,0,0,0,1,29608.118818280353,0,1,0,0,0,0,0,3827.0772034573492,0,0,4138,0,20190523,20190523
271,394411.526851171,0,0,34,1943,0,0,41905,1,1,0,0,345910.6500903533,1,1,0,0,0,0,0,48500.876760817686,1,1,46557,1,20190523,20190523
272,20607.3130495832,0,0,33,100,0,0,3312,0,0,0,1,18957.17371038168,0,0,1,0,0,0,0,1650.1393392015198,0,0,3761,0,20190523,20190523
273,155581.547759432,0,0,33,855,0,0,29870,1,1,0,0,144550.0199595257,0,0,1,0,0,0,0,11031.527799906298,0,0,33357,1,20190523,20190523
274,10510.8344432968,0,0,33,49,0,0,2646,0,0,0,1,8322.11365325153,0,0,0,0,1,0,0,2188.72079004527,0,0,3053,0,20190523,20190523
275,89880.6736486341,0,0,33,421,0,0,21814,1,1,0,0,74415.1191716293,0,0,0,0,1,0,0,15465.5544770048,0,0,24265,1,20190523,20190523
276,275409.19645854697,0,0,34,1340,0,0,16421,0,0,0,1,253729.59572607,0,0,0,0,0,0,1,21679.600732477,0,0,18908,0,20190524,20190524
277,2596039.73892407,4,4,31,13476,5,5,176800,6,1,0,0,2375044.194555244,8,0,0,0,0,0,1,220995.54436882606,6,6,196600,6,20190524,20190524
278,96765.28919314961,0,0,33,498,0,0,11698,0,0,0,1,89297.81341769916,0,0,0,1,0,0,0,7467.475775450459,0,0,13387,0,20190524,20190524
279,721245.747923533,1,1,32,3538,1,1,90777,3,1,0,0,648402.4823409553,2,0,0,1,0,0,0,72843.2655825778,2,2,100747,3,20190524,20190524
280,66200.3169640165,0,0,33,347,0,0,8350,0,0,0,1,60617.89615185825,0,0,0,0,0,1,0,5582.42081215825,0,0,9570,0,20190524,20190524
281,713879.8355954641,1,1,32,3560,1,1,92317,3,1,0,0,633775.8564668569,2,0,0,0,0,1,0,80103.9791286072,2,2,102421,3,20190524,20190524
282,49253.14396171781,0,0,33,221,0,0,4326,0,0,0,1,45632.629575604726,0,1,0,0,0,0,0,3620.51438611308,0,0,4985,0,20190524,20190524
283,451877.087433407,1,1,38,2268,1,1,49339,2,1,0,0,407409.5256591425,1,1,0,0,0,0,0,44467.56177426449,1,1,54870,2,20190524,20190524
284,28162.0064569707,0,0,33,134,0,0,3324,0,0,0,1,26642.44463388711,0,0,1,0,0,0,0,1519.56182308359,0,0,3791,0,20190524,20190524
285,204581.67043686,0,0,33,1015,0,0,34796,1,1,0,0,189190.1153262419,0,0,1,0,0,0,0,15391.555110618101,0,0,38634,1,20190524,20190524
286,13024.958604776,0,0,33,61,0,0,3360,0,0,0,1,10284.279808506712,0,0,0,0,1,0,0,2740.6787962692897,0,0,3804,0,20190524,20190524
287,118096.236270024,0,0,33,554,0,0,28402,1,1,0,0,96518.49905879439,0,0,0,0,1,0,0,21577.7372112296,0,0,31566,1,20190524,20190524
288,288541.610995031,0,0,34,1450,0,0,17153,0,0,0,1,267491.61857945897,1,0,0,0,0,0,1,21049.992415572,0,0,19662,0,20190525,20190525
289,3448912.03139622,6,6,31,15660,5,5,203835,6,1,0,0,3188955.148105872,10,0,0,0,0,0,1,259956.88329034802,6,6,226333,6,20190525,20190525
290,82245.4774234669,0,0,33,383,0,0,9061,0,0,0,1,76854.36179979253,0,0,0,1,0,0,0,5391.11562367438,0,0,10348,0,20190525,20190525
291,816378.4553041641,1,1,32,3833,1,1,103170,3,1,0,0,735632.1989342087,2,0,0,1,0,0,0,80746.2563699554,2,2,114445,3,20190525,20190525
292,88072.43067475439,0,0,33,401,0,0,10127,0,0,0,1,82262.21691913942,0,0,0,0,0,1,0,5810.213755614971,0,0,11534,0,20190525,20190525
293,945375.249813713,1,1,51,4299,1,1,108452,3,1,0,0,847175.1605518521,3,0,0,0,0,1,0,98200.089261861,3,3,120523,3,20190525,20190525
294,71565.0779990067,0,0,33,350,0,0,6087,0,0,0,1,65123.613608129854,0,1,0,0,0,0,0,6441.46439087685,0,0,6945,0,20190525,20190525
295,638885.373932373,1,1,32,2943,1,1,60973,2,1,0,0,582248.8198745798,2,1,0,0,0,0,0,56636.554057793204,2,2,67743,2,20190525,20190525
296,23436.2168242561,0,0,33,110,0,0,3824,0,0,0,1,21786.4358999098,0,0,1,0,0,0,0,1649.7809243463,0,0,4394,0,20190525,20190525
297,217695.29784934895,0,0,33,1106,0,0,37298,1,1,0,0,199344.0308809543,0,0,1,0,0,0,0,18351.2669683947,0,0,41363,1,20190525,20190525
298,20357.1210764438,0,0,33,92,0,0,3693,0,0,0,1,16992.96155479669,0,0,0,0,1,0,0,3364.15952164711,0,0,4277,0,20190525,20190525
299,138469.267714049,0,0,33,706,0,0,36099,1,1,0,0,110886.41581690461,0,0,0,0,1,0,0,27582.8518971444,1,1,40053,1,20190525,20190525
300,380381.448489688,0,0,34,1757,0,0,20962,1,0,0,1,352641.3907142568,1,0,0,0,0,0,1,27740.0577754312,1,1,23915,1,20190526,20190526
301,3420219.66238614,6,6,31,16370,6,6,214040,6,1,0,0,3102109.239657558,10,0,0,0,0,0,1,318110.422728582,7,7,237755,6,20190526,20190526
302,79477.5439287044,0,0,33,385,0,0,9965,0,0,0,1,73248.78515609054,0,0,0,1,0,0,0,6228.75877261385,0,0,11422,0,20190526,20190526
303,805809.618227658,1,1,32,3942,1,1,102645,3,1,0,0,734309.9878176993,2,0,0,1,0,0,0,71499.6304099586,2,2,114032,3,20190526,20190526
304,83444.8822192624,0,0,33,386,0,0,9812,0,0,0,1,74863.50390259383,0,0,0,0,0,1,0,8581.378316668579,0,0,11141,0,20190526,20190526
305,758518.741678395,1,1,32,3802,1,1,101572,3,1,0,0,672283.2282468742,2,0,0,0,0,1,0,86235.5134315208,2,2,112783,3,20190526,20190526
306,67176.4753952004,0,0,33,312,0,0,5587,0,0,0,1,61702.62423992718,0,1,0,0,0,0,0,5473.85115527322,0,0,6381,0,20190526,20190526
307,493753.185463919,1,1,38,2290,1,1,46274,1,1,0,0,442584.8357876956,1,1,0,0,0,0,0,51168.3496762234,1,1,51523,1,20190526,20190526
308,37342.500187197205,0,0,33,180,0,0,5402,0,0,0,1,35429.149493847784,0,0,1,0,0,0,0,1913.3506933494198,0,0,6131,0,20190526,20190526
309,261963.523231405,0,0,39,1264,0,0,44036,1,1,0,0,240308.9730698257,0,0,1,0,0,0,0,21654.5501615793,0,0,48923,1,20190526,20190526
310,10775.4498072346,0,0,33,52,0,0,2715,0,0,0,1,8631.504014370059,0,0,0,0,1,0,0,2143.94579286454,0,0,3124,0,20190526,20190526
311,106079.814981259,0,0,33,510,0,0,27609,1,1,0,0,87952.9678339886,0,0,0,0,1,0,0,18126.8471472704,0,0,30614,1,20190526,20190526
312,305036.259363671,0,0,34,1581,0,0,18005,1,0,0,1,282199.6380904761,1,0,0,0,0,0,1,22836.6212731949,0,0,20588,1,20190527,20190527
313,3237354.15481801,5,5,31,16341,6,6,209088,6,1,0,0,2994872.6003403207,10,0,0,0,0,0,1,242481.55447769,6,6,232338,6,20190527,20190527
314,84635.6805131131,0,0,33,401,0,0,10560,0,0,0,1,77111.24204137265,0,0,0,1,0,0,0,7524.43847174045,0,0,12111,0,20190527,20190527
315,775561.6130552341,1,1,32,3794,1,1,97142,3,1,0,0,709612.3101594241,2,0,0,1,0,0,0,65949.30289581009,2,2,108064,3,20190527,20190527
316,96680.70929075812,0,0,33,463,0,0,10495,0,0,0,1,88699.31519752977,0,0,0,0,0,1,0,7981.394093228349,0,0,12053,0,20190527,20190527
317,838229.0111887809,1,1,32,3894,1,1,101421,3,1,0,0,761935.3621176855,3,0,0,0,0,1,0,76293.6490710955,2,2,112696,3,20190527,20190527
318,60696.2602010561,0,0,33,299,0,0,5349,0,0,0,1,54892.89722288313,0,1,0,0,0,0,0,5803.36297817297,0,0,6122,0,20190527,20190527
319,557908.3602314839,1,1,38,2572,1,1,50286,2,1,0,0,513698.0613972362,2,1,0,0,0,0,0,44210.2988342477,1,1,55964,2,20190527,20190527
320,28369.1449175722,0,0,33,143,0,0,4694,0,0,0,1,26278.897211419102,0,0,1,0,0,0,0,2090.2477061531,0,0,5360,0,20190527,20190527
321,272376.01565345604,0,0,33,1263,0,0,43387,1,1,0,0,254974.32427726593,0,0,1,0,0,0,0,17401.6913761901,0,0,48179,1,20190527,20190527
322,11408.0479033225,0,0,33,57,0,0,2576,0,0,0,1,9336.604738593913,0,0,0,0,1,0,0,2071.4431647285896,0,0,2913,0,20190527,20190527
323,93080.2674683842,0,0,33,462,0,0,24150,1,1,0,0,78229.52252213321,0,0,0,0,1,0,0,14850.744946251001,0,0,26898,1,20190527,20190527
324,272349.947868748,0,0,34,1392,0,0,16512,0,0,0,1,249457.2389502516,0,0,0,0,0,0,1,22892.708918496402,0,0,18810,0,20190528,20190528
325,3023282.86739211,5,5,31,14085,5,5,181649,6,1,0,0,2787537.062144633,9,0,0,0,0,0,1,235745.805247477,6,6,201904,6,20190528,20190528
326,71661.07230281491,0,0,33,371,0,0,7747,0,0,0,1,67332.87760360725,0,0,0,1,0,0,0,4328.19469920766,0,0,8831,0,20190528,20190528
327,765382.356070673,1,1,32,3701,1,1,94447,3,1,0,0,684060.2632243165,2,0,0,1,0,0,0,81322.0928463565,2,2,105039,3,20190528,20190528
328,80968.79868601651,0,0,33,407,0,0,8689,0,0,0,1,72568.61545353102,0,0,0,0,0,1,0,8400.183232485491,0,0,10000,0,20190528,20190528
329,717157.240855484,1,1,32,3577,1,1,91553,3,1,0,0,649194.7182483815,2,0,0,0,0,1,0,67962.5226071025,2,2,101611,3,20190528,20190528
330,40928.4146825234,0,0,33,195,0,0,3547,0,0,0,1,36916.22117839227,0,1,0,0,0,0,0,4012.19350413113,0,0,4069,0,20190528,20190528
331,405114.714863051,0,0,34,1762,0,0,37061,1,1,0,0,374189.9352120994,1,1,0,0,0,0,0,30924.7796509516,1,1,41178,1,20190528,20190528
332,31089.802433539,0,0,33,137,0,0,4106,0,0,0,1,29476.541988579815,0,0,1,0,0,0,0,1613.26044495919,0,0,4685,0,20190528,20190528
333,236864.95993461696,0,0,33,1164,0,0,39931,1,1,0,0,220159.95655155927,0,0,1,0,0,0,0,16705.0033830577,0,0,44427,1,20190528,20190528
334,12919.854805261699,0,0,33,63,0,0,3056,0,0,0,1,10778.1504354078,0,0,0,0,1,0,0,2141.7043698539,0,0,3486,0,20190528,20190528
335,113942.25784976801,0,0,33,579,0,0,28618,1,1,0,0,90660.62020393189,0,0,0,0,1,0,0,23281.637645836094,0,0,31947,1,20190528,20190528
336,261736.77652669,0,0,39,1218,0,0,14308,0,0,0,1,241787.8262053922,0,0,0,0,0,0,1,19948.9503212978,0,0,16301,0,20190529,20190529
337,2860645.42434858,5,5,31,13062,4,4,167054,5,1,0,0,2653982.7461299924,9,0,0,0,0,0,1,206662.678218588,5,5,185782,5,20190529,20190529
338,73166.4055005126,0,0,33,348,0,0,7757,0,0,0,1,66937.927378663,0,0,0,1,0,0,0,6228.478121849611,0,0,8885,0,20190529,20190529
339,740695.5327834879,1,1,32,3490,1,1,87010,3,1,0,0,675253.9314108419,2,0,0,1,0,0,0,65441.601372645986,2,2,96645,3,20190529,20190529
340,63242.2605515596,0,0,33,323,0,0,7249,0,0,0,1,57106.62487601311,0,0,0,0,0,1,0,6135.635675546489,0,0,8300,0,20190529,20190529
341,640597.79575541,1,1,32,3046,1,1,75338,2,1,0,0,573464.917623409,2,0,0,0,0,1,0,67132.878132001,2,2,83584,2,20190529,20190529
342,55460.303507215496,0,0,33,259,0,0,4324,0,0,0,1,51149.639346694006,0,1,0,0,0,0,0,4310.6641605215,0,0,4964,0,20190529,20190529
343,373536.635193624,0,0,34,1946,0,0,39831,1,1,0,0,332299.9615852701,1,1,0,0,0,0,0,41236.6736083539,1,1,44305,1,20190529,20190529
344,18097.6641073888,0,0,33,85,0,0,2971,0,0,0,1,17236.420475568917,0,0,1,0,0,0,0,861.2436318198788,0,0,3443,0,20190529,20190529
345,166569.735420318,0,0,33,799,0,0,28247,1,1,0,0,156209.72358537698,0,0,1,0,0,0,0,10360.011834941,0,0,31380,1,20190529,20190529
346,10637.806921851601,0,0,33,58,0,0,2875,0,0,0,1,8199.997126174501,0,0,0,0,1,0,0,2437.8097956771,0,0,3284,0,20190529,20190529
347,94031.7032657996,0,0,33,484,0,0,25319,1,1,0,0,70091.97001475771,0,0,0,0,1,0,0,23939.7332510419,0,0,28237,1,20190529,20190529
348,253450.85950955894,0,0,39,1224,0,0,13689,0,0,0,1,237850.82300093374,0,0,0,0,0,0,1,15600.0365086252,0,0,15648,0,20190530,20190530
349,2455996.82014458,4,4,31,12961,4,4,162165,5,1,0,0,2238140.1839532997,8,0,0,0,0,0,1,217856.63619128,6,6,180330,5,20190530,20190530
350,78035.2408531416,0,0,33,371,0,0,8139,0,0,0,1,71775.77961165675,0,0,0,1,0,0,0,6259.46124148485,0,0,9326,0,20190530,20190530
351,665332.554540263,1,1,32,3183,1,1,78859,2,1,0,0,617609.4938885536,2,0,0,1,0,0,0,47723.060651709406,1,1,87601,2,20190530,20190530
352,71421.3259575245,0,0,33,372,0,0,8886,0,0,0,1,63290.199422927304,0,0,0,0,0,1,0,8131.12653459721,0,0,10180,0,20190530,20190530
353,791752.6249575979,1,1,32,3492,1,1,86439,3,1,0,0,730203.9772260749,2,0,0,0,0,1,0,61548.647731523204,2,2,95995,3,20190530,20190530
354,38614.6187196844,0,0,33,197,0,0,3714,0,0,0,1,34882.014111728386,0,1,0,0,0,0,0,3732.60460795601,0,0,4316,0,20190530,20190530
355,453264.30013452296,1,1,38,2155,1,1,43351,1,1,0,0,410560.08372341964,1,1,0,0,0,0,0,42704.2164111034,1,1,48190,1,20190530,20190530
356,19285.6637591316,0,0,33,87,0,0,2727,0,0,0,1,18197.084584931283,0,0,1,0,0,0,0,1088.57917420032,0,0,3137,0,20190530,20190530
357,168113.567636123,0,0,33,809,0,0,27207,1,1,0,0,154726.1103122743,0,0,1,0,0,0,0,13387.457323848701,0,0,30207,1,20190530,20190530
358,12347.1853552362,0,0,33,59,0,0,2770,0,0,0,1,9768.50651326766,0,0,0,0,1,0,0,2578.67884196854,0,0,3200,0,20190530,20190530
359,92438.253156574,0,0,33,448,0,0,23214,1,1,0,0,76505.99534677531,0,0,0,0,1,0,0,15932.2578097987,0,0,25788,1,20190530,20190530
360,250720.809383555,0,0,39,1210,0,0,13630,0,0,0,1,232671.5983664476,0,0,0,0,0,0,1,18049.2110171074,0,0,15609,0,20190531,20190531
361,3153437.43614131,5,5,31,15544,5,5,193288,6,1,0,0,2893028.640102677,9,0,0,0,0,0,1,260408.796038633,6,6,214844,6,20190531,20190531
362,81945.9058721226,0,0,33,381,0,0,8057,0,0,0,1,77626.19175473491,0,0,0,1,0,0,0,4319.714117387671,0,0,9205,0,20190531,20190531
363,784304.99837548,1,1,32,3897,1,1,98540,3,1,0,0,711806.7610156705,2,0,0,1,0,0,0,72498.2373598095,2,2,109280,3,20190531,20190531
364,111547.904664688,0,0,33,538,0,0,11958,0,0,0,1,101186.0879699896,0,0,0,0,0,1,0,10361.8166946984,0,0,13604,0,20190531,20190531
365,817233.7278506659,1,1,32,3852,1,1,95143,3,1,0,0,766076.3805460702,3,0,0,0,0,1,0,51157.3473045957,1,1,105870,3,20190531,20190531
366,46834.5614861331,0,0,33,218,0,0,4268,0,0,0,1,42645.37011978916,0,1,0,0,0,0,0,4189.19136634394,0,0,4846,0,20190531,20190531
367,502611.0589207621,1,1,38,2382,1,1,47560,1,1,0,0,452665.22146994475,1,1,0,0,0,0,0,49945.837450817315,1,1,52765,1,20190531,20190531
368,19637.8743123185,0,0,33,95,0,0,2804,0,0,0,1,18337.4808094858,0,0,1,0,0,0,0,1300.3935028327,0,0,3220,0,20190531,20190531
369,157136.62190515,0,0,33,767,0,0,26943,1,1,0,0,146856.40896613445,0,0,1,0,0,0,0,10280.2129390156,0,0,29971,1,20190531,20190531
370,21194.380854238898,0,0,33,103,0,0,3986,0,0,0,1,17804.817965970433,0,0,0,0,1,0,0,3389.56288826847,0,0,4596,0,20190531,20190531
371,172630.060237666,0,0,33,874,0,0,40554,1,1,0,0,145942.8133195824,0,0,0,0,1,0,0,26687.246918083598,0,0,45121,1,20190531,20190531
