,ymd,platform,group,visits,clicks,revenue,bookings,booking_amount,Year,Month,Day,Days
0,2019-02-01,US,test,19219,17289,23752.1895826979,1072,215244.300976592,2019,02,1,1
1,2019-02-01,US,control,204923,184276,250169.06843573,11775,2176644.08828485,2019,02,1,1
2,2019-02-01,DE,test,14788,13273,10381.1068922537,492,92056.38965635221,2019,02,1,1
3,2019-02-01,DE,control,106112,95555,72563.5240748939,3621,771990.890331268,2019,02,1,1
4,2019-02-01,UK,test,13823,12441,10472.7610950445,486,100340.507502767,2019,02,1,1
5,2019-02-01,UK,control,100318,90307,84515.4274259934,3506,677462.291937589,2019,02,1,1
6,2019-02-01,AU,test,4328,3904,4201.943812197829,203,43151.0262933075,2019,02,1,1
7,2019-02-01,AU,control,50528,45458,44710.1086361504,2190,438246.250289366,2019,02,1,1
8,2019-02-01,BR,test,4465,4009,1763.20064743916,108,23903.665597837098,2019,02,1,1
9,2019-02-01,BR,control,37271,33590,11380.2033450707,988,224082.350997238,2019,02,1,1
10,2019-02-01,JP,test,2978,2700,2808.43679533629,60,11974.036074670601,2019,02,1,1
11,2019-02-01,JP,control,29259,26338,20967.0496808014,550,114888.357647329,2019,02,1,1
12,2019-02-02,US,test,21743,19563,23604.5248032144,1247,258142.78373484602,2019,02,2,2
13,2019-02-02,US,control,227574,204657,240397.614920727,12841,2667633.16943432,2019,02,2,2
14,2019-02-02,DE,test,14054,12662,6934.259717295839,482,101557.490663797,2019,02,2,2
15,2019-02-02,DE,control,106468,95766,72724.18506044231,3577,749993.1237459229,2019,02,2,2
16,2019-02-02,UK,test,16632,14943,10046.7882629012,533,107024.445610395,2019,02,2,2
17,2019-02-02,UK,control,104182,93648,69549.88404875441,3501,726181.47671878,2019,02,2,2
18,2019-02-02,AU,test,4745,4285,4592.1091534733705,220,48691.0209247917,2019,02,2,2
19,2019-02-02,AU,control,51690,46739,50993.063331237696,2321,465344.337639666,2019,02,2,2
20,2019-02-02,BR,test,4797,4322,1942.3881967739603,128,26221.33835706,2019,02,2,2
21,2019-02-02,BR,control,43589,39253,15005.124657947099,1219,250144.205898771,2019,02,2,2
22,2019-02-02,JP,test,4062,3653,2673.3894271105605,59,12526.582753653202,2019,02,2,2
23,2019-02-02,JP,control,32571,29252,22453.044599625096,563,107992.44131954,2019,02,2,2
24,2019-02-03,US,test,19865,17864,19803.3883219652,1112,217774.96843192398,2019,02,3,3
25,2019-02-03,US,control,235911,212363,301058.17618902,13345,2662218.20429073,2019,02,3,3
26,2019-02-03,DE,test,17503,15752,11735.5347219247,572,109895.727025991,2019,02,3,3
27,2019-02-03,DE,control,124802,112519,78554.46661827821,4166,817569.488922991,2019,02,3,3
28,2019-02-03,UK,test,15699,14149,11920.674523944299,516,105496.06052447199,2019,02,3,3
29,2019-02-03,UK,control,119601,107887,83734.9080223796,4238,816895.9167239809,2019,02,3,3
30,2019-02-03,AU,test,5369,4816,4778.84314633229,259,56273.946416398205,2019,02,3,3
31,2019-02-03,AU,control,58129,52219,50474.8810012461,2726,597209.582940022,2019,02,3,3
32,2019-02-03,BR,test,4980,4482,2026.3223932549,132,26101.5354634618,2019,02,3,3
33,2019-02-03,BR,control,38630,34843,13384.051330788001,1010,207281.249989491,2019,02,3,3
34,2019-02-03,JP,test,3946,3582,3381.82269059162,79,17687.2098961012,2019,02,3,3
35,2019-02-03,JP,control,37301,33564,23441.609567451498,704,156897.582571432,2019,02,3,3
36,2019-02-04,US,test,22242,19973,26983.7395531639,1298,250900.701749434,2019,02,4,4
37,2019-02-04,US,control,227060,204246,262162.489386437,12736,2762163.08174305,2019,02,4,4
38,2019-02-04,DE,test,15078,13621,9473.801684636708,516,105052.60212792,2019,02,4,4
39,2019-02-04,DE,control,111162,99845,52586.1808170574,3742,731315.062190166,2019,02,4,4
40,2019-02-04,UK,test,15246,13767,11375.913912406399,497,105714.422950525,2019,02,4,4
41,2019-02-04,UK,control,112657,101439,71151.07253371821,3735,770914.335639809,2019,02,4,4
42,2019-02-04,AU,test,5117,4609,4606.53693736659,238,52033.8556432023,2019,02,4,4
43,2019-02-04,AU,control,52970,47656,51026.759716552304,2381,445243.07266465796,2019,02,4,4
44,2019-02-04,BR,test,4397,3954,1635.46213653284,115,24604.883427612596,2019,02,4,4
45,2019-02-04,BR,control,39337,35409,15605.339766963501,1031,225234.614362895,2019,02,4,4
46,2019-02-04,JP,test,2306,2103,1882.3979934334,41,8313.90455598707,2019,02,4,4
47,2019-02-04,JP,control,18794,16931,12885.7825276326,365,71214.7364737625,2019,02,4,4
48,2019-02-05,US,test,18660,16781,23711.9008155161,1003,216846.63088642,2019,02,5,5
49,2019-02-05,US,control,197331,177594,190218.731592428,11038,2328811.60655879,2019,02,5,5
50,2019-02-05,DE,test,14842,13382,8027.76520735178,525,110650.944031817,2019,02,5,5
51,2019-02-05,DE,control,91642,82592,52295.7792511024,3036,635864.84710741,2019,02,5,5
52,2019-02-05,UK,test,12547,11282,10033.8426710765,462,103276.15129651,2019,02,5,5
53,2019-02-05,UK,control,88400,79549,55308.04795403231,2987,663478.793168305,2019,02,5,5
54,2019-02-05,AU,test,4831,4353,4807.28450312245,211,43601.2036882665,2019,02,5,5
55,2019-02-05,AU,control,49969,44861,45305.4760000695,2181,474785.411457361,2019,02,5,5
56,2019-02-05,BR,test,4162,3743,1986.74753897873,117,24782.9745198248,2019,02,5,5
57,2019-02-05,BR,control,36687,32988,18133.6388818179,923,195271.13161847,2019,02,5,5
58,2019-02-05,JP,test,3220,2908,1870.1109005601397,77,16503.217532501,2019,02,5,5
59,2019-02-05,JP,control,27469,24754,18893.6123981756,481,104120.076929351,2019,02,5,5
60,2019-02-06,US,test,17700,15957,20282.1458607733,961,197088.80928535698,2019,02,6,6
61,2019-02-06,US,control,178965,160990,172824.546249901,9886,2125814.57874697,2019,02,6,6
62,2019-02-06,DE,test,14243,12759,10944.5321411185,449,84327.0949069884,2019,02,6,6
63,2019-02-06,DE,control,94814,85326,64815.627161170705,3200,656151.71692446,2019,02,6,6
64,2019-02-06,UK,test,12076,10903,8537.792222291171,387,77893.26012280589,2019,02,6,6
65,2019-02-06,UK,control,74660,67217,57888.7469001027,2575,497920.250150833,2019,02,6,6
66,2019-02-06,AU,test,4082,3677,3247.65056268207,199,40866.8171960952,2019,02,6,6
67,2019-02-06,AU,control,43807,39454,39421.217615313704,1972,442981.24549491896,2019,02,6,6
68,2019-02-06,BR,test,5059,4550,2345.44546012926,114,21426.3507920325,2019,02,6,6
69,2019-02-06,BR,control,38602,34738,13698.8558754799,1051,209031.60169049603,2019,02,6,6
70,2019-02-06,JP,test,4006,3590,2832.45300426866,90,17986.3844393989,2019,02,6,6
71,2019-02-06,JP,control,32487,29177,20644.7326218465,577,124431.337285368,2019,02,6,6
72,2019-02-07,US,test,16014,14379,18165.5213631746,863,184272.38958224,2019,02,7,0
73,2019-02-07,US,control,186862,168153,213626.994929599,10339,2256463.22324727,2019,02,7,0
74,2019-02-07,DE,test,11612,10448,5819.5428461683805,423,87285.7641634369,2019,02,7,0
75,2019-02-07,DE,control,87402,78670,68514.6551595376,2904,550033.0279249729,2019,02,7,0
76,2019-02-07,UK,test,12105,10920,6515.6521295852,393,83681.4299536294,2019,02,7,0
77,2019-02-07,UK,control,93819,84419,71764.2842708149,3139,643551.645719597,2019,02,7,0
78,2019-02-07,AU,test,4618,4160,3979.5255801476897,203,35914.6613441914,2019,02,7,0
79,2019-02-07,AU,control,51471,46324,54535.444053294406,2308,446226.13662492705,2019,02,7,0
80,2019-02-07,BR,test,4120,3714,1205.98137844461,110,23330.3063473413,2019,02,7,0
81,2019-02-07,BR,control,34892,31382,7670.97970027765,916,170395.392088376,2019,02,7,0
82,2019-02-07,JP,test,2800,2535,2029.23820795793,52,11327.3835532433,2019,02,7,0
83,2019-02-07,JP,control,22925,20567,17028.161320453102,440,87501.725270678,2019,02,7,0
84,2019-02-08,US,test,16024,14422,20470.5222777878,888,179221.30610568897,2019,02,8,1
85,2019-02-08,US,control,212528,191119,247921.28740365698,11625,2364278.11143778,2019,02,8,1
86,2019-02-08,DE,test,15282,13743,10327.4132258339,563,117166.529199468,2019,02,8,1
87,2019-02-08,DE,control,111033,100055,59126.766007940896,3674,900507.56524931,2019,02,8,1
88,2019-02-08,UK,test,13478,12174,8676.08775501547,433,89679.89734087551,2019,02,8,1
89,2019-02-08,UK,control,93285,83846,67724.9557629,3117,676127.2042939711,2019,02,8,1
90,2019-02-08,AU,test,5258,4712,3520.5704754137,215,43636.9658939792,2019,02,8,1
91,2019-02-08,AU,control,60266,54254,49176.3542590419,2687,562429.300965933,2019,02,8,1
92,2019-02-08,BR,test,4586,4128,1346.83119757382,118,24369.678396475298,2019,02,8,1
93,2019-02-08,BR,control,38239,34376,14749.595660362,1036,197000.366106004,2019,02,8,1
94,2019-02-08,JP,test,3865,3495,2379.28540292234,75,14947.805758800401,2019,02,8,1
95,2019-02-08,JP,control,29229,26234,24054.5544477269,458,96195.39320027099,2019,02,8,1
96,2019-02-09,US,test,19864,17804,23178.3286155453,1084,230212.615265691,2019,02,9,2
97,2019-02-09,US,control,232607,209313,299703.750972996,12801,2367956.84491548,2019,02,9,2
98,2019-02-09,DE,test,16658,14958,9879.7670723631,534,114875.39066139699,2019,02,9,2
99,2019-02-09,DE,control,113047,101844,87074.8921374715,3669,741089.9119872829,2019,02,9,2
100,2019-02-09,UK,test,13544,12202,9021.270565880792,456,91538.4511766481,2019,02,9,2
101,2019-02-09,UK,control,110419,99394,90415.14575297391,3716,802672.151058905,2019,02,9,2
102,2019-02-09,AU,test,5225,4714,5113.94533588918,268,52354.0119058913,2019,02,9,2
103,2019-02-09,AU,control,52057,46830,51451.043271220195,2254,435551.256922507,2019,02,9,2
104,2019-02-09,BR,test,6378,5804,2831.5819615900105,155,30905.3875736625,2019,02,9,2
105,2019-02-09,BR,control,45573,40909,15770.9313778312,1197,244268.259643002,2019,02,9,2
106,2019-02-09,JP,test,4470,4039,3541.50757233276,74,15065.610435068,2019,02,9,2
107,2019-02-09,JP,control,32836,29558,21233.9924371769,586,130106.207770615,2019,02,9,2
108,2019-02-10,US,test,18810,16945,25420.413231461098,1076,218587.16192977602,2019,02,10,3
109,2019-02-10,US,control,242757,218609,289038.344955864,13318,2570539.93874302,2019,02,10,3
110,2019-02-10,DE,test,17586,15786,10658.6942159075,582,130860.737589264,2019,02,10,3
111,2019-02-10,DE,control,131203,118278,79869.53871424889,4310,968180.571587848,2019,02,10,3
112,2019-02-10,UK,test,15016,13487,12627.398357908001,483,100076.402193215,2019,02,10,3
113,2019-02-10,UK,control,120741,108669,73591.9226829172,3980,761260.016194543,2019,02,10,3
114,2019-02-10,AU,test,5474,4914,5188.79959275214,232,46495.0332633452,2019,02,10,3
115,2019-02-10,AU,control,55527,50063,37884.4756425756,2339,483321.54265817,2019,02,10,3
116,2019-02-10,BR,test,4730,4276,1601.2559070936402,112,23468.633600165096,2019,02,10,3
117,2019-02-10,BR,control,37308,33578,13635.7612970506,947,168189.343105168,2019,02,10,3
118,2019-02-10,JP,test,4276,3847,3453.19317885401,78,15894.473133516201,2019,02,10,3
119,2019-02-10,JP,control,35109,31511,22551.351702875498,570,110358.83576857901,2019,02,10,3
120,2019-02-11,US,test,18287,16429,18964.6058402176,992,198071.53017597398,2019,02,11,4
121,2019-02-11,US,control,236745,212998,289101.49039803,12874,2692070.20119971,2019,02,11,4
122,2019-02-11,DE,test,12572,11281,6694.42732228313,413,89334.2640472712,2019,02,11,4
123,2019-02-11,DE,control,102287,91979,60442.864730706104,3318,684322.704009016,2019,02,11,4
124,2019-02-11,UK,test,12486,11210,6230.169009067729,403,91366.43521834731,2019,02,11,4
125,2019-02-11,UK,control,96520,86769,74450.56720179481,3137,646535.74138808,2019,02,11,4
126,2019-02-11,AU,test,4349,3926,3760.3352806039597,222,45426.536321795196,2019,02,11,4
127,2019-02-11,AU,control,56015,50486,57356.7632493593,2484,483780.11062969104,2019,02,11,4
128,2019-02-11,BR,test,4635,4220,2150.46502409501,115,23714.8546218693,2019,02,11,4
129,2019-02-11,BR,control,41742,37594,16877.2283935349,999,197047.2176127,2019,02,11,4
130,2019-02-11,JP,test,3197,2877,2199.5294114605604,66,13012.6782246751,2019,02,11,4
131,2019-02-11,JP,control,33499,30044,22567.764250121,573,121041.940335325,2019,02,11,4
132,2019-02-12,US,test,20960,18844,21980.8262084279,1095,237983.636013007,2019,02,12,5
133,2019-02-12,US,control,198792,178919,255545.98571141102,10802,2148325.9068271997,2019,02,12,5
134,2019-02-12,DE,test,13667,12318,7032.62989876797,492,105864.248118027,2019,02,12,5
135,2019-02-12,DE,control,106705,95972,47650.0640406062,3490,699256.808903154,2019,02,12,5
136,2019-02-12,UK,test,14336,12955,10591.673313407,445,92740.43403228589,2019,02,12,5
137,2019-02-12,UK,control,96026,86474,83817.2921103234,3209,628562.788896736,2019,02,12,5
138,2019-02-12,AU,test,4914,4387,3956.67814515386,211,46047.7652429098,2019,02,12,5
139,2019-02-12,AU,control,48423,43584,48322.2356549914,2043,407377.353220184,2019,02,12,5
140,2019-02-12,BR,test,4775,4295,1144.5063829579199,119,23694.5684568987,2019,02,12,5
141,2019-02-12,BR,control,45738,41214,18126.4261015489,1129,232720.92428849102,2019,02,12,5
142,2019-02-12,JP,test,4275,3853,2685.7753954384198,75,16401.8419439936,2019,02,12,5
143,2019-02-12,JP,control,36484,32837,26233.7233089653,618,121208.90351108,2019,02,12,5
144,2019-02-13,US,test,15265,13748,19242.6064858704,780,167129.146594017,2019,02,13,6
145,2019-02-13,US,control,182978,164752,226165.955704705,9979,2132338.76279272,2019,02,13,6
146,2019-02-13,DE,test,10477,9350,4946.826771096121,307,66500.1620311039,2019,02,13,6
147,2019-02-13,DE,control,76655,69105,36876.717366529505,2491,522956.22214238206,2019,02,13,6
148,2019-02-13,UK,test,12428,11136,11525.1957618418,421,94725.4729234263,2019,02,13,6
149,2019-02-13,UK,control,87125,78450,51682.8175787483,2839,616387.786601729,2019,02,13,6
150,2019-02-13,AU,test,3954,3552,3202.64577024629,150,30368.4101113294,2019,02,13,6
151,2019-02-13,AU,control,42827,38637,46386.4948792236,1811,377730.421659452,2019,02,13,6
152,2019-02-13,BR,test,4708,4268,1899.4411824652698,124,25265.525378297596,2019,02,13,6
153,2019-02-13,BR,control,39580,35521,16551.1906472256,978,193210.75821610302,2019,02,13,6
154,2019-02-13,JP,test,2422,2167,1906.11329095907,42,8845.806801730749,2019,02,13,6
155,2019-02-13,JP,control,23526,21177,19030.5593038257,388,85743.3094867715,2019,02,13,6
156,2019-02-14,US,test,16098,14569,18031.9787720874,874,182459.89155101898,2019,02,14,0
157,2019-02-14,US,control,181533,163265,205068.63926980898,9824,2123540.92783847,2019,02,14,0
158,2019-02-14,DE,test,11860,10691,7416.89356354278,403,79577.1196656537,2019,02,14,0
159,2019-02-14,DE,control,87959,79074,56797.572154986105,2726,609099.633252921,2019,02,14,0
160,2019-02-14,UK,test,11821,10600,9957.90822347912,386,84590.7000937802,2019,02,14,0
161,2019-02-14,UK,control,82167,73919,54264.588388840995,2634,490231.11477249704,2019,02,14,0
162,2019-02-14,AU,test,3157,2831,2514.28607373827,135,28266.069689497403,2019,02,14,0
163,2019-02-14,AU,control,43381,39000,41538.7165289736,1775,380121.148061105,2019,02,14,0
164,2019-02-14,BR,test,3612,3255,1351.69945754726,85,18180.8571730306,2019,02,14,0
165,2019-02-14,BR,control,31076,28022,16179.237589433,787,163193.465162414,2019,02,14,0
166,2019-02-14,JP,test,4338,3865,2653.74121041686,76,15587.999509121299,2019,02,14,0
167,2019-02-14,JP,control,34683,31122,26208.8796207718,561,121366.27268800199,2019,02,14,0
168,2019-02-15,US,test,19248,17360,22669.353755062002,1053,217532.539012646,2019,02,15,1
169,2019-02-15,US,control,218495,196301,228594.19386432698,11648,2489889.52640724,2019,02,15,1
170,2019-02-15,DE,test,15207,13686,12662.1267671393,517,106417.23541223099,2019,02,15,1
171,2019-02-15,DE,control,106040,95318,62017.2037251577,3474,737351.5862273971,2019,02,15,1
172,2019-02-15,UK,test,14252,12800,10763.2370099256,458,94714.6055625661,2019,02,15,1
173,2019-02-15,UK,control,103206,92929,70008.6363102048,3263,593395.308270305,2019,02,15,1
174,2019-02-15,AU,test,5086,4539,4874.460550964171,221,44187.082890895595,2019,02,15,1
175,2019-02-15,AU,control,65867,59437,57392.3150824124,2838,502412.57877439604,2019,02,15,1
176,2019-02-15,BR,test,4382,3982,1618.5344828441198,116,24880.7365522006,2019,02,15,1
177,2019-02-15,BR,control,36519,32712,14601.5201706522,914,193441.10406933102,2019,02,15,1
178,2019-02-15,JP,test,3377,3031,2629.83282775592,60,13049.3459573721,2019,02,15,1
179,2019-02-15,JP,control,32239,29089,21867.2120683754,577,120137.505601104,2019,02,15,1
180,2019-02-16,US,test,16761,15090,18302.9965508895,912,196178.86061921602,2019,02,16,2
181,2019-02-16,US,control,228106,205260,271163.476515205,12091,2271615.26979995,2019,02,16,2
182,2019-02-16,DE,test,15631,14101,7583.60622336353,528,106173.25767725901,2019,02,16,2
183,2019-02-16,DE,control,100386,90237,50072.836465425804,3297,638496.121208256,2019,02,16,2
184,2019-02-16,UK,test,17756,15949,14011.2067084434,570,112235.82860921301,2019,02,16,2
185,2019-02-16,UK,control,99186,89414,78355.6885028048,3142,674002.7113326329,2019,02,16,2
186,2019-02-16,AU,test,4718,4253,3917.19611270455,207,42367.7992142125,2019,02,16,2
187,2019-02-16,AU,control,49053,44224,43206.2238389571,2091,451028.815521274,2019,02,16,2
188,2019-02-16,BR,test,6157,5522,1668.8019959698001,183,39239.0096426255,2019,02,16,2
189,2019-02-16,BR,control,53580,48147,14797.5657014099,1344,280191.386550424,2019,02,16,2
190,2019-02-16,JP,test,4201,3777,2639.94733701621,77,17256.5920507564,2019,02,16,2
191,2019-02-16,JP,control,35921,32244,33537.700545596,619,125691.827706789,2019,02,16,2
192,2019-02-17,US,test,19891,17960,22864.851685877,1019,219650.74087269398,2019,02,17,3
193,2019-02-17,US,control,244002,219837,245471.564335657,13103,2604881.23148495,2019,02,17,3
194,2019-02-17,DE,test,16022,14509,7828.60624121172,478,102636.57253499901,2019,02,17,3
195,2019-02-17,DE,control,111499,100413,51756.782113775305,3621,744447.205791032,2019,02,17,3
196,2019-02-17,UK,test,16393,14710,13624.415798901398,533,114121.770429846,2019,02,17,3
197,2019-02-17,UK,control,114443,102959,78189.3910329849,3546,722047.47161312,2019,02,17,3
198,2019-02-17,AU,test,5217,4733,5236.53495041894,196,38351.7915543373,2019,02,17,3
199,2019-02-17,AU,control,58882,53153,49078.2025934718,2486,551641.098303419,2019,02,17,3
200,2019-02-17,BR,test,5224,4696,1368.6823868352099,129,27613.669786979903,2019,02,17,3
201,2019-02-17,BR,control,44509,40097,15844.1589191022,1140,239798.773178661,2019,02,17,3
202,2019-02-17,JP,test,3714,3358,2530.00823892803,54,10940.4768761047,2019,02,17,3
203,2019-02-17,JP,control,38279,34433,27185.3628837771,678,135474.492355857,2019,02,17,3
204,2019-02-18,US,test,18815,16936,21167.8030867559,1002,193409.751228598,2019,02,18,4
205,2019-02-18,US,control,214742,193234,281007.178130912,11351,2370066.68448533,2019,02,18,4
206,2019-02-18,DE,test,13960,12603,9686.05103621662,414,88990.0204356474,2019,02,18,4
207,2019-02-18,DE,control,113571,102343,75626.3961082186,3691,746017.4453770941,2019,02,18,4
208,2019-02-18,UK,test,13648,12316,7544.52872940371,427,87373.1006968477,2019,02,18,4
209,2019-02-18,UK,control,101475,91442,71846.8507423953,3170,617446.471565095,2019,02,18,4
210,2019-02-18,AU,test,4960,4453,4137.12045057048,229,40044.798260756295,2019,02,18,4
211,2019-02-18,AU,control,56031,50473,54871.4464401453,2357,457832.66716642794,2019,02,18,4
212,2019-02-18,BR,test,5230,4715,1708.91367828789,127,25043.033790837202,2019,02,18,4
213,2019-02-18,BR,control,47599,42876,15000.415586568999,1181,242822.79520556302,2019,02,18,4
214,2019-02-18,JP,test,5083,4583,4019.87235440824,82,18674.502589723,2019,02,18,4
215,2019-02-18,JP,control,44264,39876,40299.4406989613,747,148811.138230896,2019,02,18,4
216,2019-02-19,US,test,20665,18627,24244.000243785697,1073,205404.006462045,2019,02,19,5
217,2019-02-19,US,control,195311,175812,220779.123724573,10375,2347153.2289949,2019,02,19,5
218,2019-02-19,DE,test,13155,11844,9149.54113111071,394,80220.98682478639,2019,02,19,5
219,2019-02-19,DE,control,87375,78594,66008.89175832071,2810,617220.55033804,2019,02,19,5
220,2019-02-19,UK,test,16092,14513,10859.7882861457,514,109116.914027438,2019,02,19,5
221,2019-02-19,UK,control,99934,89963,87778.9954568671,3163,667068.302907315,2019,02,19,5
222,2019-02-19,AU,test,4226,3763,3651.5128872547707,157,30799.1251868602,2019,02,19,5
223,2019-02-19,AU,control,47273,42494,45614.4633300619,1934,416734.47922113,2019,02,19,5
224,2019-02-19,BR,test,4870,4369,1777.78742998673,111,21493.9803436017,2019,02,19,5
225,2019-02-19,BR,control,40116,36140,23095.5441936621,988,200908.499676077,2019,02,19,5
226,2019-02-19,JP,test,4154,3752,3026.08795965866,70,14915.2188886791,2019,02,19,5
227,2019-02-19,JP,control,36746,33095,29902.4127916925,612,126622.546532522,2019,02,19,5
228,2019-02-20,US,test,14477,13061,16437.5420371524,720,142869.53794083302,2019,02,20,6
229,2019-02-20,US,control,181331,163359,212274.109864446,9474,2114233.71622725,2019,02,20,6
230,2019-02-20,DE,test,13592,12313,11141.8090886665,439,91142.28893236,2019,02,20,6
231,2019-02-20,DE,control,90285,81293,66875.2744908986,2897,596468.3768223029,2019,02,20,6
232,2019-02-20,UK,test,11980,10711,8750.66670378629,400,87257.1149408562,2019,02,20,6
233,2019-02-20,UK,control,79180,70949,55993.817875384004,2567,530673.963084685,2019,02,20,6
234,2019-02-20,AU,test,4948,4425,4622.27002115629,198,43592.010982818596,2019,02,20,6
235,2019-02-20,AU,control,46994,42294,40577.602703029,2023,399344.721735531,2019,02,20,6
236,2019-02-20,BR,test,4118,3708,1085.04519022287,109,22828.7906450504,2019,02,20,6
237,2019-02-20,BR,control,29501,26576,9162.45262028938,779,162778.911349382,2019,02,20,6
238,2019-02-20,JP,test,2964,2655,1768.5581555528,56,11559.2878890811,2019,02,20,6
239,2019-02-20,JP,control,26647,23955,21767.354601131003,430,83223.00451171321,2019,02,20,6
240,2019-02-21,US,test,15350,13813,17166.765013609198,788,159879.351505294,2019,02,21,0
241,2019-02-21,US,control,189668,170725,207841.798487738,9879,2077355.27420039,2019,02,21,0
242,2019-02-21,DE,test,12361,11118,5518.71123646621,378,83503.301531741,2019,02,21,0
243,2019-02-21,DE,control,81544,73383,49157.5906463707,2536,556176.404018735,2019,02,21,0
244,2019-02-21,UK,test,10743,9649,6171.199164028629,352,68629.2015100483,2019,02,21,0
245,2019-02-21,UK,control,83413,75198,66109.19873837651,2656,540749.519572822,2019,02,21,0
246,2019-02-21,AU,test,3295,2969,2674.04602671127,120,26884.559044577003,2019,02,21,0
247,2019-02-21,AU,control,40719,36643,31856.8069156527,1658,332335.61155046197,2019,02,21,0
248,2019-02-21,BR,test,3035,2734,1162.51575201907,84,18275.0984651832,2019,02,21,0
249,2019-02-21,BR,control,31298,28134,10458.2337080849,748,156657.39541163,2019,02,21,0
250,2019-02-21,JP,test,3630,3262,2387.2915962713896,56,11914.603414642099,2019,02,21,0
251,2019-02-21,JP,control,31837,28594,19386.442939179,510,105304.292733952,2019,02,21,0
252,2019-02-22,US,test,18912,17038,22308.3635798537,1009,198375.09133665398,2019,02,22,1
253,2019-02-22,US,control,216428,194886,269586.60456144303,11267,2422001.9583994,2019,02,22,1
254,2019-02-22,DE,test,14966,13419,8363.66176903009,469,90199.5603361151,2019,02,22,1
255,2019-02-22,DE,control,98983,89179,57284.9846259359,3114,590247.4279923721,2019,02,22,1
256,2019-02-22,UK,test,14896,13389,11607.7116194431,468,101971.46518674801,2019,02,22,1
257,2019-02-22,UK,control,94703,85287,65231.942303562406,3068,674732.008896129,2019,02,22,1
258,2019-02-22,AU,test,5931,5317,6023.40405732213,251,50563.357007783095,2019,02,22,1
259,2019-02-22,AU,control,58031,52060,50916.4050407074,2427,509063.02889669297,2019,02,22,1
260,2019-02-22,BR,test,4790,4264,2021.9113982826602,125,26075.471223009903,2019,02,22,1
261,2019-02-22,BR,control,37442,33719,13613.562601386799,991,172897.589077532,2019,02,22,1
262,2019-02-22,JP,test,3471,3133,2790.36876993181,55,11419.8401861888,2019,02,22,1
263,2019-02-22,JP,control,28673,25877,13466.4904388419,487,101074.302206246,2019,02,22,1
264,2019-02-23,US,test,21050,19029,25847.2350223502,1086,245113.280776333,2019,02,23,2
265,2019-02-23,US,control,226459,203714,275082.317882298,11729,2330874.49046381,2019,02,23,2
266,2019-02-23,DE,test,15755,14219,8238.04801058653,473,106125.90971455199,2019,02,23,2
267,2019-02-23,DE,control,115641,104278,52660.1264596777,3606,740215.328027395,2019,02,23,2
268,2019-02-23,UK,test,14311,12905,10401.425578061999,437,93852.950215347,2019,02,23,2
269,2019-02-23,UK,control,105239,94750,76579.1571904979,3414,711210.340631985,2019,02,23,2
270,2019-02-23,AU,test,5013,4475,4301.33049582885,215,48057.569362874696,2019,02,23,2
271,2019-02-23,AU,control,52643,47430,52624.4754880065,2169,422007.198865679,2019,02,23,2
272,2019-02-23,BR,test,5003,4509,2046.6134992303896,102,21741.3659029368,2019,02,23,2
273,2019-02-23,BR,control,39451,35522,13562.3905430502,1013,191459.30563524397,2019,02,23,2
274,2019-02-23,JP,test,3260,2910,2259.5565556127,64,14434.7164830412,2019,02,23,2
275,2019-02-23,JP,control,32722,29415,22978.0606785591,569,106948.287753524,2019,02,23,2
276,2019-02-24,US,test,19367,17426,22237.8517064119,997,217630.035838124,2019,02,24,3
277,2019-02-24,US,control,238282,214316,268710.20740614,12276,2702193.13583771,2019,02,24,3
278,2019-02-24,DE,test,15573,14100,11333.8265322275,481,92737.2859863384,2019,02,24,3
279,2019-02-24,DE,control,113817,102446,77732.366794918,3541,657269.158727368,2019,02,24,3
280,2019-02-24,UK,test,16662,15006,12716.9325517499,549,115370.286885221,2019,02,24,3
281,2019-02-24,UK,control,115778,104020,79672.4644414819,3679,791042.852411209,2019,02,24,3
282,2019-02-24,AU,test,5807,5252,5376.81981558348,249,46764.0397837372,2019,02,24,3
283,2019-02-24,AU,control,63710,57370,55824.467895451504,2568,583432.459617785,2019,02,24,3
284,2019-02-24,BR,test,6434,5807,1072.4438732343801,156,34387.979678293996,2019,02,24,3
285,2019-02-24,BR,control,49487,44519,19401.349352902802,1218,257843.70680967398,2019,02,24,3
286,2019-02-24,JP,test,4078,3671,2236.10288777756,65,13432.0673441073,2019,02,24,3
287,2019-02-24,JP,control,34021,30585,21396.070705706497,594,119238.57978241301,2019,02,24,3
288,2019-02-25,US,test,16785,15161,15727.7862762337,863,171103.125350579,2019,02,25,4
289,2019-02-25,US,control,228647,205983,268137.61359515897,11764,2475475.0254499,2019,02,25,4
290,2019-02-25,DE,test,15787,14170,10380.193691196999,481,93086.7935976439,2019,02,25,4
291,2019-02-25,DE,control,102280,92249,68338.52987957161,3197,673389.220688021,2019,02,25,4
292,2019-02-25,UK,test,14971,13490,12930.7373436306,499,100659.89881955199,2019,02,25,4
293,2019-02-25,UK,control,111983,100766,81631.115482398,3477,714875.665876462,2019,02,25,4
294,2019-02-25,AU,test,4804,4319,4311.4597158573,192,37598.942185899105,2019,02,25,4
295,2019-02-25,AU,control,45291,40838,39853.9393907539,2012,389250.583158269,2019,02,25,4
296,2019-02-25,BR,test,5780,5214,1510.9130503565198,149,31559.533907765097,2019,02,25,4
297,2019-02-25,BR,control,44557,40004,19823.0915851128,1057,208340.51024172,2019,02,25,4
298,2019-02-25,JP,test,5293,4754,3698.34263304464,85,16210.0780803126,2019,02,25,4
299,2019-02-25,JP,control,43724,39299,27111.5573330511,686,145904.693146671,2019,02,25,4
300,2019-02-26,US,test,18478,16650,19238.7258947116,924,186045.981500166,2019,02,26,5
301,2019-02-26,US,control,198797,179095,226353.004959247,10049,2222639.25735159,2019,02,26,5
302,2019-02-26,DE,test,12195,10957,5751.11787458322,385,84146.6141770019,2019,02,26,5
303,2019-02-26,DE,control,91650,82498,67523.2176870093,2829,599374.468366729,2019,02,26,5
304,2019-02-26,UK,test,14404,12904,9628.90297587646,453,89429.55312865609,2019,02,26,5
305,2019-02-26,UK,control,101032,90938,81971.74586262839,3094,623261.625826291,2019,02,26,5
306,2019-02-26,AU,test,5400,4879,3951.07721828673,208,42371.4661719138,2019,02,26,5
307,2019-02-26,AU,control,61364,55230,61980.4882761242,2603,478264.560000734,2019,02,26,5
308,2019-02-26,BR,test,5501,4960,1230.74085568142,114,24541.8497225454,2019,02,26,5
309,2019-02-26,BR,control,50640,45543,11337.5424482944,1233,276287.629472843,2019,02,26,5
310,2019-02-26,JP,test,2759,2502,1907.0354639129998,52,10882.2414723856,2019,02,26,5
311,2019-02-26,JP,control,25996,23381,15515.737278646202,376,76326.0610660707,2019,02,26,5
312,2019-02-27,US,test,16687,14987,18790.3753509871,846,175053.151802346,2019,02,27,6
313,2019-02-27,US,control,186356,167588,197321.902914998,9481,2070534.79257049,2019,02,27,6
314,2019-02-27,DE,test,14410,12978,9049.047556708922,457,95755.8397892275,2019,02,27,6
315,2019-02-27,DE,control,92783,83432,51084.7882037378,2859,592141.727414778,2019,02,27,6
316,2019-02-27,UK,test,10627,9534,7006.960230415671,338,72639.6637017716,2019,02,27,6
317,2019-02-27,UK,control,79310,71389,39669.6805493574,2486,500601.058395372,2019,02,27,6
318,2019-02-27,AU,test,4725,4268,3589.1447127863103,188,37877.424532452904,2019,02,27,6
319,2019-02-27,AU,control,46240,41485,42768.6418668934,1858,400882.86171244294,2019,02,27,6
320,2019-02-27,BR,test,4017,3600,1075.3084748524302,91,18359.6685880695,2019,02,27,6
321,2019-02-27,BR,control,37366,33632,11166.350661179,911,188408.215518476,2019,02,27,6
322,2019-02-27,JP,test,2391,2145,1746.5771903941502,32,5810.98948448667,2019,02,27,6
323,2019-02-27,JP,control,19723,17728,13519.3112470884,321,70819.1716710265,2019,02,27,6
324,2019-02-28,US,test,19434,17479,23970.8501231134,982,200528.989443332,2019,02,28,0
325,2019-02-28,US,control,176310,158714,215555.58800440698,9155,2080724.4810334998,2019,02,28,0
326,2019-02-28,DE,test,13294,11952,8280.73465232188,401,88456.3116343327,2019,02,28,0
327,2019-02-28,DE,control,82202,73877,50730.2698084581,2587,538445.111642716,2019,02,28,0
328,2019-02-28,UK,test,12522,11242,10109.8439441785,394,82964.745615661,2019,02,28,0
329,2019-02-28,UK,control,89932,80822,71235.3622260412,2593,540788.983855715,2019,02,28,0
330,2019-02-28,AU,test,4809,4358,4072.76252807226,168,36655.8726207109,2019,02,28,0
331,2019-02-28,AU,control,53861,48482,41530.7340907635,2183,503925.50052664604,2019,02,28,0
332,2019-02-28,BR,test,4129,3703,1917.59533923256,100,20325.2876929783,2019,02,28,0
333,2019-02-28,BR,control,34450,31096,15142.5167834775,846,199149.96632702101,2019,02,28,0
334,2019-02-28,JP,test,3844,3491,2451.8477502775304,67,13710.004237937399,2019,02,28,0
335,2019-02-28,JP,control,30346,27368,20287.6907534295,465,94866.61218046391,2019,02,28,0
0,2019-05-01,US,test,18978,16560,22868.156215419,1400,307988.783655815,2019,05,1,1
1,2019-05-01,US,control,188086,169373,208131.93997935602,13558,2780706.27238926,2019,05,1,1
2,2019-05-01,DE,test,8441,7358,5214.54751012786,348,66838.7191007135,2019,05,1,1
3,2019-05-01,DE,control,90793,81661,55249.4070282396,3185,624351.255920834,2019,05,1,1
4,2019-05-01,UK,test,10907,9557,8853.6863490938,403,88205.8132224917,2019,05,1,1
5,2019-05-01,UK,control,91448,82417,68472.15170672309,3316,682908.3908721029,2019,05,1,1
6,2019-05-01,AU,test,5181,4509,4499.22809804933,253,50984.96935928059,2019,05,1,1
7,2019-05-01,AU,control,47108,42464,47654.3008578649,2035,402575.055189257,2019,05,1,1
8,2019-05-01,BR,test,4118,3602,1292.8904199656301,116,23645.1858065134,2019,05,1,1
9,2019-05-01,BR,control,39124,35237,14450.0181248305,1029,225453.94062312398,2019,05,1,1
10,2019-05-01,JP,test,2490,2164,1639.3042055691799,41,9130.46292195165,2019,05,1,1
11,2019-05-01,JP,control,24402,21950,16683.8531756797,418,89917.2717114876,2019,05,1,1
12,2019-05-02,US,test,18718,16310,20253.217075999,1354,265016.883894258,2019,05,2,2
13,2019-05-02,US,control,185754,167251,232254.583548766,13391,2501423.12770967,2019,05,2,2
14,2019-05-02,DE,test,9086,7956,5903.85375308058,353,74368.0619149262,2019,05,2,2
15,2019-05-02,DE,control,92244,82934,63385.5019355029,3270,673181.85526031,2019,05,2,2
16,2019-05-02,UK,test,8877,7659,6136.2008818184995,325,69123.878640793,2019,05,2,2
17,2019-05-02,UK,control,86143,77518,45526.3750481131,3031,647647.4195076879,2019,05,2,2
18,2019-05-02,AU,test,4130,3588,3661.8227618876795,184,40652.8111613149,2019,05,2,2
19,2019-05-02,AU,control,41219,37137,34708.2887572667,1922,401344.939288331,2019,05,2,2
20,2019-05-02,BR,test,3821,3301,1783.99615091943,94,21480.675025498702,2019,05,2,2
21,2019-05-02,BR,control,35917,32309,14936.878077008301,958,187332.40121923,2019,05,2,2
22,2019-05-02,JP,test,3013,2637,1793.77783126773,59,13403.2749142108,2019,05,2,2
23,2019-05-02,JP,control,31823,28660,22727.121078893597,579,124123.661270195,2019,05,2,2
24,2019-05-03,US,test,26326,22892,26869.550142337997,2019,402481.76852777,2019,05,3,3
25,2019-05-03,US,control,201147,180901,236017.72923256,14263,3092863.8054413996,2019,05,3,3
26,2019-05-03,DE,test,10460,9112,7386.385422225129,421,94389.8726420316,2019,05,3,3
27,2019-05-03,DE,control,108268,97521,68836.3997880113,3895,794082.319245354,2019,05,3,3
28,2019-05-03,UK,test,10454,9093,7480.7565184247305,410,83917.3526831042,2019,05,3,3
29,2019-05-03,UK,control,102490,92229,67247.5475786124,3584,791761.355577002,2019,05,3,3
30,2019-05-03,AU,test,4613,4067,4108.47760157106,248,49346.490993487,2019,05,3,3
31,2019-05-03,AU,control,50195,45267,46202.936874849904,2202,506139.230877974,2019,05,3,3
32,2019-05-03,BR,test,4704,4085,1139.2932473235,142,27525.670840521,2019,05,3,3
33,2019-05-03,BR,control,42790,38534,18384.3934530906,1129,224720.488668487,2019,05,3,3
34,2019-05-03,JP,test,3293,2911,2604.55315807857,73,14155.846069180801,2019,05,3,3
35,2019-05-03,JP,control,33502,30103,20082.4674801359,618,125834.939020894,2019,05,3,3
36,2019-05-04,US,test,21673,18980,26563.181565807798,1708,384806.793202251,2019,05,4,4
37,2019-05-04,US,control,244692,220192,288498.718349439,17409,3693910.87309139,2019,05,4,4
38,2019-05-04,DE,test,12014,10491,5998.93191335687,458,100203.12656782901,2019,05,4,4
39,2019-05-04,DE,control,119746,107782,73045.4908393809,4078,829615.631509956,2019,05,4,4
40,2019-05-04,UK,test,10705,9312,5868.99195733903,401,78023.77881093441,2019,05,4,4
41,2019-05-04,UK,control,122595,110325,101418.526526612,4207,787939.328460225,2019,05,4,4
42,2019-05-04,AU,test,6081,5316,5138.6667643396795,307,62796.7949317348,2019,05,4,4
43,2019-05-04,AU,control,54972,49535,49565.585460328795,2519,519507.642791298,2019,05,4,4
44,2019-05-04,BR,test,5273,4595,2444.97569121651,163,35443.9272188389,2019,05,4,4
45,2019-05-04,BR,control,52820,47493,23415.144835953703,1364,292020.68474593,2019,05,4,4
46,2019-05-04,JP,test,2702,2330,2170.55719639587,48,9313.25368975943,2019,05,4,4
47,2019-05-04,JP,control,27421,24694,21382.373378867,496,103615.55808764,2019,05,4,4
48,2019-05-05,US,test,25364,22166,26640.0132801133,1875,386784.80446272,2019,05,5,5
49,2019-05-05,US,control,229611,206480,266807.23735317896,15977,3180039.13556944,2019,05,5,5
50,2019-05-05,DE,test,10810,9403,5095.25270249198,403,89462.476687318,2019,05,5,5
51,2019-05-05,DE,control,105977,95424,67493.7841503304,3819,821641.694481185,2019,05,5,5
52,2019-05-05,UK,test,13967,12146,10552.8216387543,521,102656.727495021,2019,05,5,5
53,2019-05-05,UK,control,123141,111023,89665.85430091279,4301,942632.971737008,2019,05,5,5
54,2019-05-05,AU,test,4835,4206,3645.5558860781603,212,46062.124206726105,2019,05,5,5
55,2019-05-05,AU,control,57361,51670,42341.066467835495,2525,507590.963888961,2019,05,5,5
56,2019-05-05,BR,test,4952,4334,1104.68611093737,144,29812.752370572,2019,05,5,5
57,2019-05-05,BR,control,53015,47769,16295.285326456798,1351,292996.25170907803,2019,05,5,5
58,2019-05-05,JP,test,4494,3959,3181.11778609505,83,17235.2438657911,2019,05,5,5
59,2019-05-05,JP,control,39510,35566,26081.3073902672,686,130159.221737612,2019,05,5,5
60,2019-05-06,US,test,22868,20004,26170.6303684694,1660,329469.67192873603,2019,05,6,6
61,2019-05-06,US,control,213915,192441,253409.134448859,14903,2891677.55235247,2019,05,6,6
62,2019-05-06,DE,test,9558,8337,6376.10589845443,333,74215.24300405309,2019,05,6,6
63,2019-05-06,DE,control,95317,85724,64170.5757665804,3340,658206.3098432539,2019,05,6,6
64,2019-05-06,UK,test,11775,10285,7369.038884359059,432,84644.2544000383,2019,05,6,6
65,2019-05-06,UK,control,108749,97703,79479.5523592055,3848,792387.0116703641,2019,05,6,6
66,2019-05-06,AU,test,5677,4954,4471.66145708166,255,52966.5210625175,2019,05,6,6
67,2019-05-06,AU,control,54707,49324,46555.2637941142,2504,508259.56559324794,2019,05,6,6
68,2019-05-06,BR,test,4462,3895,1311.72061630855,113,24055.1599790387,2019,05,6,6
69,2019-05-06,BR,control,42427,38169,13848.9193953454,1061,213981.17035163802,2019,05,6,6
70,2019-05-06,JP,test,4505,3938,2267.13370682893,98,19851.1593930812,2019,05,6,6
71,2019-05-06,JP,control,40377,36363,29147.194523705803,735,154056.576155049,2019,05,6,6
72,2019-05-07,US,test,20152,17621,23840.3827258336,1508,326336.278973725,2019,05,7,0
73,2019-05-07,US,control,206986,186537,268487.575344346,14356,3084796.49114593,2019,05,7,0
74,2019-05-07,DE,test,9992,8660,6206.90716070725,363,74634.0117641574,2019,05,7,0
75,2019-05-07,DE,control,99533,89590,59101.3880613216,3391,686398.150458247,2019,05,7,0
76,2019-05-07,UK,test,11216,9835,8635.30504179846,406,87736.81667007231,2019,05,7,0
77,2019-05-07,UK,control,103200,92833,63198.9525398072,3602,808873.0321303741,2019,05,7,0
78,2019-05-07,AU,test,5166,4496,4668.74542162385,225,45308.678319663304,2019,05,7,0
79,2019-05-07,AU,control,50052,45089,42685.878724472,2216,476149.50453931297,2019,05,7,0
80,2019-05-07,BR,test,3659,3201,1157.53704122681,105,23489.5976699968,2019,05,7,0
81,2019-05-07,BR,control,36430,32763,11161.4348192206,942,201456.09454123199,2019,05,7,0
82,2019-05-07,JP,test,2939,2554,1963.9988119573898,51,11258.4134209285,2019,05,7,0
83,2019-05-07,JP,control,25809,23207,20479.2303898924,457,98650.67556620609,2019,05,7,0
84,2019-05-08,US,test,20278,17706,23504.197058064103,1504,293500.633009509,2019,05,8,1
85,2019-05-08,US,control,175995,158452,196129.114894992,12121,2487764.41552479,2019,05,8,1
86,2019-05-08,DE,test,8505,7443,4787.62004712465,332,65760.34747726259,2019,05,8,1
87,2019-05-08,DE,control,87314,78561,69272.9126674844,2845,605232.063714511,2019,05,8,1
88,2019-05-08,UK,test,8056,7013,5271.92203835925,261,53927.0651257255,2019,05,8,1
89,2019-05-08,UK,control,85347,76818,72769.1234156175,2891,627108.849750361,2019,05,8,1
90,2019-05-08,AU,test,3468,3024,2720.31377786864,126,25571.272630005802,2019,05,8,1
91,2019-05-08,AU,control,36543,32885,35548.015603157,1555,352062.442009979,2019,05,8,1
92,2019-05-08,BR,test,4051,3568,1698.29444069215,110,22651.522032317902,2019,05,8,1
93,2019-05-08,BR,control,37688,33944,14248.9752871178,943,183850.46292217102,2019,05,8,1
94,2019-05-08,JP,test,4538,3936,3875.4774238122704,93,20053.1714398295,2019,05,8,1
95,2019-05-08,JP,control,38135,34355,23047.4123703359,659,145714.310451419,2019,05,8,1
96,2019-05-09,US,test,16661,14586,17290.107927951998,1229,254340.009505283,2019,05,9,2
97,2019-05-09,US,control,169761,152441,201698.49969009,11585,2286531.12250904,2019,05,9,2
98,2019-05-09,DE,test,7963,6954,4753.7531826579,292,59284.578053548204,2019,05,9,2
99,2019-05-09,DE,control,92129,82969,52404.9024218929,3137,671780.228402584,2019,05,9,2
100,2019-05-09,UK,test,9317,8179,6976.48607732797,326,63294.3571091262,2019,05,9,2
101,2019-05-09,UK,control,97221,87511,66831.0352656224,3320,707511.803285801,2019,05,9,2
102,2019-05-09,AU,test,4175,3696,3119.41213647668,181,38014.3945013197,2019,05,9,2
103,2019-05-09,AU,control,39927,35978,30974.7404998469,1648,336902.33732074697,2019,05,9,2
104,2019-05-09,BR,test,3284,2862,1102.99221201734,94,17979.2567179897,2019,05,9,2
105,2019-05-09,BR,control,31441,28270,10028.5444596011,840,175713.576955028,2019,05,9,2
106,2019-05-09,JP,test,3192,2745,2313.6237115350896,71,13875.794602596201,2019,05,9,2
107,2019-05-09,JP,control,25596,23053,20877.5771023273,397,80971.7814703044,2019,05,9,2
108,2019-05-10,US,test,21611,18869,26429.7890737693,1546,331714.852816098,2019,05,10,3
109,2019-05-10,US,control,213588,192101,204360.315964108,14368,2747058.71767423,2019,05,10,3
110,2019-05-10,DE,test,9804,8562,4986.89145622846,342,70347.7599920643,2019,05,10,3
111,2019-05-10,DE,control,111674,100417,87810.9386478345,3799,765600.0036182691,2019,05,10,3
112,2019-05-10,UK,test,9983,8653,6649.979378148671,384,81465.5707709412,2019,05,10,3
113,2019-05-10,UK,control,99826,89811,78951.3533232713,3378,693495.48378001,2019,05,10,3
114,2019-05-10,AU,test,6096,5366,6425.060634082989,323,68621.8609051215,2019,05,10,3
115,2019-05-10,AU,control,58676,52759,54360.1473395972,2558,523555.025764629,2019,05,10,3
116,2019-05-10,BR,test,3049,2664,647.641401444602,81,16855.7603189346,2019,05,10,3
117,2019-05-10,BR,control,31820,28634,11315.1740488871,869,183793.082969581,2019,05,10,3
118,2019-05-10,JP,test,3793,3324,2239.29708790727,68,13859.718388914,2019,05,10,3
119,2019-05-10,JP,control,34285,30795,16464.1577621276,536,109651.35693341901,2019,05,10,3
120,2019-05-11,US,test,26672,23272,30142.2091250158,1942,392170.603351906,2019,05,11,4
121,2019-05-11,US,control,238199,214339,244485.510726544,16070,3419416.10317069,2019,05,11,4
122,2019-05-11,DE,test,9793,8542,6323.72540333704,418,89436.53680684199,2019,05,11,4
123,2019-05-11,DE,control,120376,108245,68979.13313473361,3885,779245.401743316,2019,05,11,4
124,2019-05-11,UK,test,9457,8299,7052.119809124621,318,67122.2299565949,2019,05,11,4
125,2019-05-11,UK,control,111630,100599,65756.7249422084,3635,793822.837959385,2019,05,11,4
126,2019-05-11,AU,test,6021,5253,5310.58425747615,274,53059.393447828894,2019,05,11,4
127,2019-05-11,AU,control,60687,54727,55761.5841012147,2556,543118.967776885,2019,05,11,4
128,2019-05-11,BR,test,3918,3409,1679.02480623319,92,18643.4013137994,2019,05,11,4
129,2019-05-11,BR,control,34797,31234,15692.974259235601,933,217828.62995464698,2019,05,11,4
130,2019-05-11,JP,test,2947,2586,2394.6022920053697,54,11760.5861230465,2019,05,11,4
131,2019-05-11,JP,control,30886,27811,20922.279825407,534,113970.788205188,2019,05,11,4
132,2019-05-12,US,test,20829,18229,27074.52804604,1552,328376.969572588,2019,05,12,5
133,2019-05-12,US,control,241324,216934,299514.56205755,16000,3207689.06264939,2019,05,12,5
134,2019-05-12,DE,test,11063,9672,8406.450709294159,407,86225.5834358236,2019,05,12,5
135,2019-05-12,DE,control,126712,113893,73206.00676482849,4291,826621.122702271,2019,05,12,5
136,2019-05-12,UK,test,11210,9750,8989.79010964142,417,87951.2080098602,2019,05,12,5
137,2019-05-12,UK,control,111773,100637,79164.0938699554,3805,772337.8335319291,2019,05,12,5
138,2019-05-12,AU,test,7120,6189,5355.67341369972,337,69031.44033683231,2019,05,12,5
139,2019-05-12,AU,control,70061,63092,49914.0954804946,2877,597704.230155783,2019,05,12,5
140,2019-05-12,BR,test,6996,6104,2760.24193999685,204,41221.736948729,2019,05,12,5
141,2019-05-12,BR,control,59028,53174,27451.783922322298,1412,318599.336506003,2019,05,12,5
142,2019-05-12,JP,test,4208,3668,1971.2260652104699,74,14923.0854119795,2019,05,12,5
143,2019-05-12,JP,control,33374,30070,26210.256398675298,554,124717.51340284699,2019,05,12,5
144,2019-05-13,US,test,23251,20319,29727.074191062,1637,360081.021710075,2019,05,13,6
145,2019-05-13,US,control,211726,190653,206578.78957653898,14227,2830666.75247737,2019,05,13,6
146,2019-05-13,DE,test,10755,9479,8422.9553391827,349,67825.8971041921,2019,05,13,6
147,2019-05-13,DE,control,95862,86343,74068.3360360417,3223,739234.7680134829,2019,05,13,6
148,2019-05-13,UK,test,10552,9212,7072.186933168679,385,72640.6340321631,2019,05,13,6
149,2019-05-13,UK,control,107277,96687,67336.8250610993,3538,737070.172304253,2019,05,13,6
150,2019-05-13,AU,test,3816,3363,3026.0504549408397,171,35468.7526026148,2019,05,13,6
151,2019-05-13,AU,control,48148,43438,49295.1449220842,2025,416486.80261196295,2019,05,13,6
152,2019-05-13,BR,test,4417,3864,1716.8543891284803,112,23412.184655102203,2019,05,13,6
153,2019-05-13,BR,control,41864,37565,13378.148460949,1044,223865.03103426602,2019,05,13,6
154,2019-05-13,JP,test,2938,2579,1948.19206056297,49,10090.3597736021,2019,05,13,6
155,2019-05-13,JP,control,29645,26584,18783.1471462343,465,98941.41252630288,2019,05,13,6
156,2019-05-14,US,test,21295,18578,26882.706652957597,1450,299514.059971709,2019,05,14,0
157,2019-05-14,US,control,208096,187264,294272.850759321,13922,2938784.44572611,2019,05,14,0
158,2019-05-14,DE,test,9805,8487,5224.01259642236,352,75032.8300799522,2019,05,14,0
159,2019-05-14,DE,control,100128,89900,59130.9638892726,3248,691589.789581662,2019,05,14,0
160,2019-05-14,UK,test,9662,8446,5691.482139118741,328,69912.2452730602,2019,05,14,0
161,2019-05-14,UK,control,107050,96278,74581.1294730793,3553,695137.9048131771,2019,05,14,0
162,2019-05-14,AU,test,4896,4244,4188.36272049476,218,43175.3763850559,2019,05,14,0
163,2019-05-14,AU,control,47154,42466,42267.419880717,1946,417872.84369302704,2019,05,14,0
164,2019-05-14,BR,test,5108,4454,1586.34723638324,121,25902.075498858398,2019,05,14,0
165,2019-05-14,BR,control,42807,38501,20799.462643869098,1033,212631.28899338,2019,05,14,0
166,2019-05-14,JP,test,3004,2614,2040.0975171147898,40,8384.68716242005,2019,05,14,0
167,2019-05-14,JP,control,27156,24398,17346.8641217226,453,99839.8195901574,2019,05,14,0
168,2019-05-15,US,test,20028,17389,20232.2044515982,1391,305367.964379583,2019,05,15,1
169,2019-05-15,US,control,184866,166426,218406.793008837,12307,2218132.67346305,2019,05,15,1
170,2019-05-15,DE,test,9448,8234,5939.01880884788,303,63224.4542808308,2019,05,15,1
171,2019-05-15,DE,control,85228,76459,67593.7523519002,2693,544291.271889705,2019,05,15,1
172,2019-05-15,UK,test,7862,6841,5013.2739623074895,279,58671.4512207716,2019,05,15,1
173,2019-05-15,UK,control,91266,82317,73373.8787815472,2956,623645.500627141,2019,05,15,1
174,2019-05-15,AU,test,3743,3311,3273.33283821521,167,37123.720049718395,2019,05,15,1
175,2019-05-15,AU,control,36805,33151,37365.6013880442,1477,288178.656535868,2019,05,15,1
176,2019-05-15,BR,test,3666,3187,1313.38534206502,108,23018.6737928128,2019,05,15,1
177,2019-05-15,BR,control,36893,33260,16567.155862926,912,201091.718958305,2019,05,15,1
178,2019-05-15,JP,test,3889,3360,2666.76266753609,70,14549.5903926596,2019,05,15,1
179,2019-05-15,JP,control,32196,29025,25954.4729032586,505,109762.536947899,2019,05,15,1
180,2019-05-16,US,test,19499,17053,23629.455066284398,1406,283063.089122207,2019,05,16,2
181,2019-05-16,US,control,182492,164315,210560.074860746,12099,2372885.35026886,2019,05,16,2
182,2019-05-16,DE,test,10327,9042,7288.16247147772,387,84707.906422498,2019,05,16,2
183,2019-05-16,DE,control,94656,85168,56498.5428918563,3009,581027.788962762,2019,05,16,2
184,2019-05-16,UK,test,9577,8349,7427.20308946756,350,71051.5706460924,2019,05,16,2
185,2019-05-16,UK,control,81091,72929,66297.5982621148,2625,554764.61501859,2019,05,16,2
186,2019-05-16,AU,test,3925,3433,3429.31300902995,169,35833.0513483007,2019,05,16,2
187,2019-05-16,AU,control,44391,39977,37977.202735459905,1787,399821.940752348,2019,05,16,2
188,2019-05-16,BR,test,5432,4748,2608.21112454398,167,34596.2372292748,2019,05,16,2
189,2019-05-16,BR,control,46502,41865,13194.801725136498,1081,230701.274727381,2019,05,16,2
190,2019-05-16,JP,test,3409,3001,2240.54396586847,47,10246.0850141264,2019,05,16,2
191,2019-05-16,JP,control,34285,30789,26258.0071489781,581,119374.711807806,2019,05,16,2
192,2019-05-17,US,test,15288,13396,17322.1086821912,1063,204068.44164026898,2019,05,17,3
193,2019-05-17,US,control,208736,187570,219866.011915925,13372,2892531.24734363,2019,05,17,3
194,2019-05-17,DE,test,11042,9659,6190.98283515128,359,77878.0954899917,2019,05,17,3
195,2019-05-17,DE,control,101727,91647,56892.195779482696,3307,685989.695346045,2019,05,17,3
196,2019-05-17,UK,test,10695,9342,7691.0014913148,371,80639.51845634071,2019,05,17,3
197,2019-05-17,UK,control,92161,82693,63066.0782222118,2934,645270.944010424,2019,05,17,3
198,2019-05-17,AU,test,6263,5448,6534.86850558078,261,52495.3177946033,2019,05,17,3
199,2019-05-17,AU,control,57500,51762,49455.462830592594,2381,462524.30713795795,2019,05,17,3
200,2019-05-17,BR,test,4242,3657,1527.60155568094,89,19511.6095397069,2019,05,17,3
201,2019-05-17,BR,control,36400,32750,19754.516160881998,926,201748.11043447698,2019,05,17,3
202,2019-05-17,JP,test,3027,2650,2352.49940598512,46,9699.64897975819,2019,05,17,3
203,2019-05-17,JP,control,30196,27190,21465.9209468375,478,103825.99353282401,2019,05,17,3
204,2019-05-18,US,test,26232,22862,29602.7856281669,1810,369700.09610625205,2019,05,18,4
205,2019-05-18,US,control,217743,196048,270345.76306627603,14286,2961148.35044242,2019,05,18,4
206,2019-05-18,DE,test,12082,10543,6690.58781639327,398,84909.82971656299,2019,05,18,4
207,2019-05-18,DE,control,118269,106341,62529.0453803281,3886,757380.002650908,2019,05,18,4
208,2019-05-18,UK,test,11732,10252,8484.86350310827,406,91844.245457361,2019,05,18,4
209,2019-05-18,UK,control,112014,100906,92196.38524610199,3662,778762.557170912,2019,05,18,4
210,2019-05-18,AU,test,7250,6368,7219.46361813843,282,54305.73277959559,2019,05,18,4
211,2019-05-18,AU,control,71191,64021,66968.7400039652,2887,589982.943749969,2019,05,18,4
212,2019-05-18,BR,test,5745,5019,1451.0969827033898,128,26972.1441713607,2019,05,18,4
213,2019-05-18,BR,control,50347,45343,19810.443714722198,1243,262844.463015329,2019,05,18,4
214,2019-05-18,JP,test,3757,3270,2526.19330585254,76,16365.331794355201,2019,05,18,4
215,2019-05-18,JP,control,36815,33090,26721.073209038703,599,128217.432374893,2019,05,18,4
216,2019-05-19,US,test,25430,22211,28352.6232950816,1809,361579.858237716,2019,05,19,5
217,2019-05-19,US,control,219888,197991,280954.952682369,14497,3073974.49070368,2019,05,19,5
218,2019-05-19,DE,test,12737,11113,7953.30750196548,493,108894.748506422,2019,05,19,5
219,2019-05-19,DE,control,113247,101875,63684.8111621919,3787,835279.052458896,2019,05,19,5
220,2019-05-19,UK,test,10289,8927,8137.700347325191,328,65697.6671454248,2019,05,19,5
221,2019-05-19,UK,control,111859,100715,82307.8249083797,3609,757058.2318754441,2019,05,19,5
222,2019-05-19,AU,test,5388,4715,5095.897709656971,239,49085.692150079696,2019,05,19,5
223,2019-05-19,AU,control,60677,54627,56252.332087728304,2514,522573.734301086,2019,05,19,5
224,2019-05-19,BR,test,5109,4424,1870.5726570033398,149,30371.589740929103,2019,05,19,5
225,2019-05-19,BR,control,45662,41104,15996.096815211102,1152,242684.428403848,2019,05,19,5
226,2019-05-19,JP,test,3159,2791,2361.7909541559,52,10370.5603139075,2019,05,19,5
227,2019-05-19,JP,control,30019,27035,27505.1453306909,529,108388.75675296801,2019,05,19,5
228,2019-05-20,US,test,21212,18590,23445.3106428848,1505,312370.28518550604,2019,05,20,6
229,2019-05-20,US,control,212931,191802,242080.919178275,14060,2717429.77729168,2019,05,20,6
230,2019-05-20,DE,test,8918,7807,4634.27806363002,296,62609.9423401796,2019,05,20,6
231,2019-05-20,DE,control,119203,107137,72672.0743110786,4042,869028.536497582,2019,05,20,6
232,2019-05-20,UK,test,11014,9577,7337.812983018579,383,86964.1831363198,2019,05,20,6
233,2019-05-20,UK,control,111073,100048,89584.3434726193,3559,708670.879255406,2019,05,20,6
234,2019-05-20,AU,test,4953,4315,4406.06215687063,204,42865.5023525215,2019,05,20,6
235,2019-05-20,AU,control,42946,38707,40433.6248291254,1744,348670.45859092,2019,05,20,6
236,2019-05-20,BR,test,5302,4644,1871.3527507145102,132,29523.9956982935,2019,05,20,6
237,2019-05-20,BR,control,45783,41239,24959.262050200297,1159,222059.752327853,2019,05,20,6
238,2019-05-20,JP,test,4456,3867,2728.6499415639,77,15564.2949448194,2019,05,20,6
239,2019-05-20,JP,control,38379,34503,28869.9595376838,667,146056.539275402,2019,05,20,6
240,2019-05-21,US,test,20336,17741,25347.6843043548,1455,325116.31246114,2019,05,21,0
241,2019-05-21,US,control,200142,179992,227893.206374458,13293,2633841.57257805,2019,05,21,0
242,2019-05-21,DE,test,12093,10589,7338.37545867864,441,91828.22404452741,2019,05,21,0
243,2019-05-21,DE,control,110883,99815,62259.3747411304,3697,810707.3490794491,2019,05,21,0
244,2019-05-21,UK,test,7771,6752,5755.137694371329,271,57157.7689033159,2019,05,21,0
245,2019-05-21,UK,control,99897,89859,77502.937381885,3350,653677.007247041,2019,05,21,0
246,2019-05-21,AU,test,4843,4217,4222.584992545801,214,42528.3758700102,2019,05,21,0
247,2019-05-21,AU,control,53085,47776,51025.2724526741,2185,445962.17108462204,2019,05,21,0
248,2019-05-21,BR,test,4576,3992,1765.7594989909398,123,26717.5444776371,2019,05,21,0
249,2019-05-21,BR,control,37063,33319,11597.5670846797,957,192042.808623371,2019,05,21,0
250,2019-05-21,JP,test,3324,2926,2272.2844293988,53,10831.3155167186,2019,05,21,0
251,2019-05-21,JP,control,28826,25957,16469.4322670008,531,120521.646148759,2019,05,21,0
252,2019-05-22,US,test,19230,16813,20605.3956866262,1342,297802.474691278,2019,05,22,1
253,2019-05-22,US,control,176551,159018,234218.770047695,11697,2503582.96077746,2019,05,22,1
254,2019-05-22,DE,test,7475,6502,4390.5787363788395,275,53690.901408120895,2019,05,22,1
255,2019-05-22,DE,control,86954,78436,54855.967995192404,2932,679744.737268936,2019,05,22,1
256,2019-05-22,UK,test,7172,6255,5129.618375450011,276,59218.4171844667,2019,05,22,1
257,2019-05-22,UK,control,85426,76794,59397.353393617195,2898,595387.539737365,2019,05,22,1
258,2019-05-22,AU,test,3592,3163,2866.7803883978004,158,33322.4164644899,2019,05,22,1
259,2019-05-22,AU,control,44755,40257,33150.6717523246,1873,356919.56480256,2019,05,22,1
260,2019-05-22,BR,test,3578,3132,1084.7089671959,96,19477.1617628625,2019,05,22,1
261,2019-05-22,BR,control,32856,29543,16011.0917790973,864,188100.79015790398,2019,05,22,1
262,2019-05-22,JP,test,3338,2919,2045.1253725244,51,10724.513567996999,2019,05,22,1
263,2019-05-22,JP,control,31616,28439,23728.3901761075,488,106464.110676711,2019,05,22,1
264,2019-05-23,US,test,20778,18116,22626.345461496603,1474,298740.81783346104,2019,05,23,2
265,2019-05-23,US,control,181571,163237,227040.035560122,12547,2518226.46996069,2019,05,23,2
266,2019-05-23,DE,test,8918,7804,6019.5211642335,342,72287.4514721771,2019,05,23,2
267,2019-05-23,DE,control,87999,79382,67761.109170385,2882,578900.103968894,2019,05,23,2
268,2019-05-23,UK,test,8267,7221,4806.38706572721,295,57431.74278887019,2019,05,23,2
269,2019-05-23,UK,control,92412,83162,67888.979099129,3125,681458.608390536,2019,05,23,2
270,2019-05-23,AU,test,4138,3614,3827.0772034573497,174,33435.1960217377,2019,05,23,2
271,2019-05-23,AU,control,46557,41905,48500.87676081769,1943,394411.526851171,2019,05,23,2
272,2019-05-23,BR,test,3761,3312,1650.1393392015198,100,20607.3130495832,2019,05,23,2
273,2019-05-23,BR,control,33357,29870,11031.527799906298,855,155581.547759432,2019,05,23,2
274,2019-05-23,JP,test,3053,2646,2188.72079004527,49,10510.8344432968,2019,05,23,2
275,2019-05-23,JP,control,24265,21814,15465.5544770048,421,89880.6736486341,2019,05,23,2
276,2019-05-24,US,test,18908,16421,21679.600732477,1340,275409.19645854697,2019,05,24,3
277,2019-05-24,US,control,196600,176800,220995.54436882603,13476,2596039.73892407,2019,05,24,3
278,2019-05-24,DE,test,13387,11698,7467.475775450459,498,96765.28919314961,2019,05,24,3
279,2019-05-24,DE,control,100747,90777,72843.2655825778,3538,721245.747923533,2019,05,24,3
280,2019-05-24,UK,test,9570,8350,5582.42081215825,347,66200.3169640165,2019,05,24,3
281,2019-05-24,UK,control,102421,92317,80103.9791286072,3560,713879.8355954641,2019,05,24,3
282,2019-05-24,AU,test,4985,4326,3620.51438611308,221,49253.143961717804,2019,05,24,3
283,2019-05-24,AU,control,54870,49339,44467.561774264504,2268,451877.087433407,2019,05,24,3
284,2019-05-24,BR,test,3791,3324,1519.56182308359,134,28162.0064569707,2019,05,24,3
285,2019-05-24,BR,control,38634,34796,15391.555110618101,1015,204581.67043686,2019,05,24,3
286,2019-05-24,JP,test,3804,3360,2740.6787962692897,61,13024.958604776,2019,05,24,3
287,2019-05-24,JP,control,31566,28402,21577.7372112296,554,118096.236270024,2019,05,24,3
288,2019-05-25,US,test,19662,17153,21049.992415572,1450,288541.610995031,2019,05,25,4
289,2019-05-25,US,control,226333,203835,259956.88329034802,15660,3448912.03139622,2019,05,25,4
290,2019-05-25,DE,test,10348,9061,5391.11562367438,383,82245.4774234669,2019,05,25,4
291,2019-05-25,DE,control,114445,103170,80746.2563699554,3833,816378.4553041641,2019,05,25,4
292,2019-05-25,UK,test,11534,10127,5810.213755614971,401,88072.43067475439,2019,05,25,4
293,2019-05-25,UK,control,120523,108452,98200.089261861,4299,945375.249813713,2019,05,25,4
294,2019-05-25,AU,test,6945,6087,6441.46439087685,350,71565.0779990067,2019,05,25,4
295,2019-05-25,AU,control,67743,60973,56636.554057793204,2943,638885.373932373,2019,05,25,4
296,2019-05-25,BR,test,4394,3824,1649.7809243463,110,23436.2168242561,2019,05,25,4
297,2019-05-25,BR,control,41363,37298,18351.2669683947,1106,217695.29784934898,2019,05,25,4
298,2019-05-25,JP,test,4277,3693,3364.15952164711,92,20357.1210764438,2019,05,25,4
299,2019-05-25,JP,control,40053,36099,27582.8518971444,706,138469.267714049,2019,05,25,4
300,2019-05-26,US,test,23915,20962,27740.0577754312,1757,380381.448489688,2019,05,26,5
301,2019-05-26,US,control,237755,214040,318110.422728582,16370,3420219.66238614,2019,05,26,5
302,2019-05-26,DE,test,11422,9965,6228.75877261385,385,79477.5439287044,2019,05,26,5
303,2019-05-26,DE,control,114032,102645,71499.6304099586,3942,805809.618227658,2019,05,26,5
304,2019-05-26,UK,test,11141,9812,8581.378316668579,386,83444.8822192624,2019,05,26,5
305,2019-05-26,UK,control,112783,101572,86235.5134315208,3802,758518.741678395,2019,05,26,5
306,2019-05-26,AU,test,6381,5587,5473.85115527322,312,67176.4753952004,2019,05,26,5
307,2019-05-26,AU,control,51523,46274,51168.3496762234,2290,493753.185463919,2019,05,26,5
308,2019-05-26,BR,test,6131,5402,1913.3506933494198,180,37342.500187197205,2019,05,26,5
309,2019-05-26,BR,control,48923,44036,21654.5501615793,1264,261963.523231405,2019,05,26,5
310,2019-05-26,JP,test,3124,2715,2143.9457928645397,52,10775.4498072346,2019,05,26,5
311,2019-05-26,JP,control,30614,27609,18126.8471472704,510,106079.814981259,2019,05,26,5
312,2019-05-27,US,test,20588,18005,22836.6212731949,1581,305036.259363671,2019,05,27,6
313,2019-05-27,US,control,232338,209088,242481.55447769,16341,3237354.15481801,2019,05,27,6
314,2019-05-27,DE,test,12111,10560,7524.43847174045,401,84635.6805131131,2019,05,27,6
315,2019-05-27,DE,control,108064,97142,65949.30289581009,3794,775561.6130552341,2019,05,27,6
316,2019-05-27,UK,test,12053,10495,7981.394093228349,463,96680.70929075811,2019,05,27,6
317,2019-05-27,UK,control,112696,101421,76293.6490710955,3894,838229.0111887809,2019,05,27,6
318,2019-05-27,AU,test,6122,5349,5803.36297817297,299,60696.2602010561,2019,05,27,6
319,2019-05-27,AU,control,55964,50286,44210.2988342477,2572,557908.3602314839,2019,05,27,6
320,2019-05-27,BR,test,5360,4694,2090.2477061531,143,28369.1449175722,2019,05,27,6
321,2019-05-27,BR,control,48179,43387,17401.6913761901,1263,272376.01565345604,2019,05,27,6
322,2019-05-27,JP,test,2913,2576,2071.4431647285896,57,11408.0479033225,2019,05,27,6
323,2019-05-27,JP,control,26898,24150,14850.744946251001,462,93080.2674683842,2019,05,27,6
324,2019-05-28,US,test,18810,16512,22892.708918496402,1392,272349.947868748,2019,05,28,0
325,2019-05-28,US,control,201904,181649,235745.805247477,14085,3023282.86739211,2019,05,28,0
326,2019-05-28,DE,test,8831,7747,4328.19469920766,371,71661.07230281491,2019,05,28,0
327,2019-05-28,DE,control,105039,94447,81322.0928463565,3701,765382.356070673,2019,05,28,0
328,2019-05-28,UK,test,10000,8689,8400.183232485491,407,80968.79868601651,2019,05,28,0
329,2019-05-28,UK,control,101611,91553,67962.5226071025,3577,717157.240855484,2019,05,28,0
330,2019-05-28,AU,test,4069,3547,4012.19350413113,195,40928.4146825234,2019,05,28,0
331,2019-05-28,AU,control,41178,37061,30924.7796509516,1762,405114.714863051,2019,05,28,0
332,2019-05-28,BR,test,4685,4106,1613.26044495919,137,31089.802433539,2019,05,28,0
333,2019-05-28,BR,control,44427,39931,16705.0033830577,1164,236864.95993461699,2019,05,28,0
334,2019-05-28,JP,test,3486,3056,2141.7043698539,63,12919.854805261699,2019,05,28,0
335,2019-05-28,JP,control,31947,28618,23281.637645836097,579,113942.25784976801,2019,05,28,0
336,2019-05-29,US,test,16301,14308,19948.9503212978,1218,261736.77652669,2019,05,29,1
337,2019-05-29,US,control,185782,167054,206662.678218588,13062,2860645.42434858,2019,05,29,1
338,2019-05-29,DE,test,8885,7757,6228.478121849611,348,73166.4055005126,2019,05,29,1
339,2019-05-29,DE,control,96645,87010,65441.60137264599,3490,740695.5327834879,2019,05,29,1
340,2019-05-29,UK,test,8300,7249,6135.635675546489,323,63242.2605515596,2019,05,29,1
341,2019-05-29,UK,control,83584,75338,67132.878132001,3046,640597.79575541,2019,05,29,1
342,2019-05-29,AU,test,4964,4324,4310.6641605215,259,55460.303507215496,2019,05,29,1
343,2019-05-29,AU,control,44305,39831,41236.6736083539,1946,373536.635193624,2019,05,29,1
344,2019-05-29,BR,test,3443,2971,861.2436318198789,85,18097.6641073888,2019,05,29,1
345,2019-05-29,BR,control,31380,28247,10360.011834941,799,166569.735420318,2019,05,29,1
346,2019-05-29,JP,test,3284,2875,2437.8097956771,58,10637.806921851601,2019,05,29,1
347,2019-05-29,JP,control,28237,25319,23939.7332510419,484,94031.7032657996,2019,05,29,1
348,2019-05-30,US,test,15648,13689,15600.0365086252,1224,253450.85950955897,2019,05,30,2
349,2019-05-30,US,control,180330,162165,217856.63619128,12961,2455996.82014458,2019,05,30,2
350,2019-05-30,DE,test,9326,8139,6259.46124148485,371,78035.2408531416,2019,05,30,2
351,2019-05-30,DE,control,87601,78859,47723.060651709406,3183,665332.554540263,2019,05,30,2
352,2019-05-30,UK,test,10180,8886,8131.12653459721,372,71421.3259575245,2019,05,30,2
353,2019-05-30,UK,control,95995,86439,61548.647731523204,3492,791752.6249575979,2019,05,30,2
354,2019-05-30,AU,test,4316,3714,3732.60460795601,197,38614.6187196844,2019,05,30,2
355,2019-05-30,AU,control,48190,43351,42704.2164111034,2155,453264.30013452296,2019,05,30,2
356,2019-05-30,BR,test,3137,2727,1088.57917420032,87,19285.6637591316,2019,05,30,2
357,2019-05-30,BR,control,30207,27207,13387.457323848701,809,168113.567636123,2019,05,30,2
358,2019-05-30,JP,test,3200,2770,2578.67884196854,59,12347.1853552362,2019,05,30,2
359,2019-05-30,JP,control,25788,23214,15932.2578097987,448,92438.253156574,2019,05,30,2
360,2019-05-31,US,test,15609,13630,18049.2110171074,1210,250720.809383555,2019,05,31,3
361,2019-05-31,US,control,214844,193288,260408.796038633,15544,3153437.43614131,2019,05,31,3
362,2019-05-31,DE,test,9205,8057,4319.714117387671,381,81945.9058721226,2019,05,31,3
363,2019-05-31,DE,control,109280,98540,72498.2373598095,3897,784304.99837548,2019,05,31,3
364,2019-05-31,UK,test,13604,11958,10361.8166946984,538,111547.904664688,2019,05,31,3
365,2019-05-31,UK,control,105870,95143,51157.3473045957,3852,817233.7278506659,2019,05,31,3
366,2019-05-31,AU,test,4846,4268,4189.19136634394,218,46834.5614861331,2019,05,31,3
367,2019-05-31,AU,control,52765,47560,49945.83745081731,2382,502611.05892076204,2019,05,31,3
368,2019-05-31,BR,test,3220,2804,1300.3935028327,95,19637.8743123185,2019,05,31,3
369,2019-05-31,BR,control,29971,26943,10280.2129390156,767,157136.62190515,2019,05,31,3
370,2019-05-31,JP,test,4596,3986,3389.56288826847,103,21194.380854238898,2019,05,31,3
371,2019-05-31,JP,control,45121,40554,26687.246918083598,874,172630.060237666,2019,05,31,3
