,ymd,visits,clicks,revenue,bookings,booking_amount,outgoings,platform_AU,platform_BR,platform_DE,platform_JP,platform_UK,platform_US,platform_nan,group_control,group_test,group_nan,revenue_cat,visits_cat,clicks_cat,bookings_cat,booking_amount_cat,outgoings_cat,revenue_cat_2,ymd_3,bookings_cat_2,booking_amount_cat_3,booking_clusters
0,20190201,19219,17289,23752.1895826979,1072,215244.300976592,191492.1113938941,0,0,0,0,0,1,0,0,1,0,0,1,1,0,0,0,0,20190201,0,0,2
1,20190201,204923,184276,250169.06843573,11775,2176644.08828485,1926475.0198491202,0,0,0,0,0,1,0,1,0,0,8,6,6,5,4,4,8,20190201,5,4,0
2,20190201,14788,13273,10381.1068922537,492,92056.38965635221,81675.28276409852,0,0,1,0,0,0,0,0,1,0,0,0,0,0,0,0,0,20190201,0,0,3
3,20190201,106112,95555,72563.5240748939,3621,771990.890331268,699427.366256374,0,0,1,0,0,0,0,1,0,0,2,3,3,1,1,1,2,20190201,1,1,1
4,20190201,13823,12441,10472.7610950445,486,100340.507502767,89867.7464077225,0,0,0,0,1,0,0,0,1,0,0,0,0,0,0,0,0,20190201,0,0,3
5,20190201,100318,90307,84515.4274259934,3506,677462.291937589,592946.8645115956,0,0,0,0,1,0,0,1,0,0,3,3,3,1,1,1,3,20190201,1,1,1
6,20190201,4328,3904,4201.943812197829,203,43151.0262933075,38949.08248110967,1,0,0,0,0,0,0,0,1,0,0,0,0,0,0,0,0,20190201,0,0,4
7,20190201,50528,45458,44710.1086361504,2190,438246.250289366,393536.1416532156,1,0,0,0,0,0,0,1,0,0,1,1,1,1,1,1,1,20190201,1,1,1
8,20190201,4465,4009,1763.20064743916,108,23903.665597837098,22140.464950397938,0,1,0,0,0,0,0,0,1,0,0,0,0,0,0,0,0,20190201,0,0,4
9,20190201,37271,33590,11380.2033450707,988,224082.350997238,212702.1476521673,0,1,0,0,0,0,0,1,0,0,0,1,1,0,0,0,0,20190201,0,0,2
10,20190201,2978,2700,2808.43679533629,60,11974.036074670601,9165.59927933431,0,0,0,1,0,0,0,0,1,0,0,0,0,0,0,0,0,20190201,0,0,4
11,20190201,29259,26338,20967.0496808014,550,114888.357647329,93921.3079665276,0,0,0,1,0,0,0,1,0,0,0,1,1,0,0,0,0,20190201,0,0,3
12,20190202,21743,19563,23604.5248032144,1247,258142.78373484602,234538.25893163163,0,0,0,0,0,1,0,0,1,0,0,1,1,0,0,0,0,20190202,0,0,7
13,20190202,227574,204657,240397.614920727,12841,2667633.16943432,2427235.554513593,0,0,0,0,0,1,0,1,0,0,8,7,7,5,5,5,8,20190202,5,5,0
14,20190202,14054,12662,6934.259717295839,482,101557.490663797,94623.23094650116,0,0,1,0,0,0,0,0,1,0,0,0,0,0,0,0,0,20190202,0,0,3
15,20190202,106468,95766,72724.18506044231,3577,749993.1237459229,677268.9386854806,0,0,1,0,0,0,0,1,0,0,2,3,3,1,1,1,2,20190202,1,1,1
16,20190202,16632,14943,10046.7882629012,533,107024.445610395,96977.6573474938,0,0,0,0,1,0,0,0,1,0,0,0,0,0,0,0,0,20190202,0,0,3
17,20190202,104182,93648,69549.88404875441,3501,726181.47671878,656631.5926700255,0,0,0,0,1,0,0,1,0,0,2,3,3,1,1,1,2,20190202,1,1,1
18,20190202,4745,4285,4592.1091534733705,220,48691.0209247917,44098.91177131833,1,0,0,0,0,0,0,0,1,0,0,0,0,0,0,0,0,20190202,0,0,4
19,20190202,51690,46739,50993.063331237696,2321,465344.337639666,414351.2743084283,1,0,0,0,0,0,0,1,0,0,1,2,2,1,1,1,1,20190202,1,1,1
20,20190202,4797,4322,1942.3881967739603,128,26221.33835706,24278.95016028604,0,1,0,0,0,0,0,0,1,0,0,0,0,0,0,0,0,20190202,0,0,4
21,20190202,43589,39253,15005.124657947099,1219,250144.205898771,235139.0812408239,0,1,0,0,0,0,0,1,0,0,0,1,1,0,0,0,0,20190202,0,0,7
22,20190202,4062,3653,2673.3894271105605,59,12526.582753653202,9853.193326542641,0,0,0,1,0,0,0,0,1,0,0,0,0,0,0,0,0,20190202,0,0,4
23,20190202,32571,29252,22453.044599625096,563,107992.44131954,85539.3967199149,0,0,0,1,0,0,0,1,0,0,0,1,1,0,0,0,0,20190202,0,0,3
24,20190203,19865,17864,19803.3883219652,1112,217774.96843192398,197971.58010995877,0,0,0,0,0,1,0,0,1,0,0,1,1,0,0,0,0,20190203,0,0,2
25,20190203,235911,212363,301058.17618902,13345,2662218.20429073,2361160.02810171,0,0,0,0,0,1,0,1,0,0,8,7,7,5,5,5,8,20190203,5,5,0
26,20190203,17503,15752,11735.5347219247,572,109895.727025991,98160.1923040663,0,0,1,0,0,0,0,0,1,0,0,0,0,0,0,0,0,20190203,0,0,3
27,20190203,124802,112519,78554.46661827821,4166,817569.488922991,739015.0223047128,0,0,1,0,0,0,0,1,0,0,2,4,4,1,1,1,2,20190203,1,1,1
28,20190203,15699,14149,11920.674523944299,516,105496.06052447199,93575.3860005277,0,0,0,0,1,0,0,0,1,0,0,0,0,0,0,0,0,20190203,0,0,3
29,20190203,119601,107887,83734.9080223796,4238,816895.9167239809,733161.0087016013,0,0,0,0,1,0,0,1,0,0,3,4,4,1,1,1,3,20190203,1,1,1
30,20190203,5369,4816,4778.84314633229,259,56273.946416398205,51495.10327006591,1,0,0,0,0,0,0,0,1,0,0,0,0,0,0,0,0,20190203,0,0,4
31,20190203,58129,52219,50474.8810012461,2726,597209.582940022,546734.7019387758,1,0,0,0,0,0,0,1,0,0,1,2,2,1,1,1,1,20190203,1,1,1
32,20190203,4980,4482,2026.3223932549,132,26101.5354634618,24075.2130702069,0,1,0,0,0,0,0,0,1,0,0,0,0,0,0,0,0,20190203,0,0,4
33,20190203,38630,34843,13384.051330788001,1010,207281.249989491,193897.198658703,0,1,0,0,0,0,0,1,0,0,0,1,1,0,0,0,0,20190203,0,0,2
34,20190203,3946,3582,3381.82269059162,79,17687.2098961012,14305.387205509582,0,0,0,1,0,0,0,0,1,0,0,0,0,0,0,0,0,20190203,0,0,4
35,20190203,37301,33564,23441.609567451498,704,156897.582571432,133455.9730039805,0,0,0,1,0,0,0,1,0,0,0,1,1,0,0,0,0,20190203,0,0,2
36,20190204,22242,19973,26983.7395531639,1298,250900.701749434,223916.9621962701,0,0,0,0,0,1,0,0,1,0,0,1,1,0,0,0,0,20190204,0,0,7
37,20190204,227060,204246,262162.489386437,12736,2762163.08174305,2500000.592356613,0,0,0,0,0,1,0,1,0,0,8,7,7,5,5,5,8,20190204,5,5,0
38,20190204,15078,13621,9473.801684636708,516,105052.60212792,95578.8004432833,0,0,1,0,0,0,0,0,1,0,0,0,0,0,0,0,0,20190204,0,0,3
39,20190204,111162,99845,52586.1808170574,3742,731315.062190166,678728.8813731086,0,0,1,0,0,0,0,1,0,0,1,3,3,1,1,1,1,20190204,1,1,1
40,20190204,15246,13767,11375.913912406399,497,105714.422950525,94338.5090381186,0,0,0,0,1,0,0,0,1,0,0,0,0,0,0,0,0,20190204,0,0,3
41,20190204,112657,101439,71151.07253371821,3735,770914.335639809,699763.2631060908,0,0,0,0,1,0,0,1,0,0,2,3,3,1,1,1,2,20190204,1,1,1
42,20190204,5117,4609,4606.53693736659,238,52033.8556432023,47427.318705835714,1,0,0,0,0,0,0,0,1,0,0,0,0,0,0,0,0,20190204,0,0,4
43,20190204,52970,47656,51026.759716552304,2381,445243.07266465796,394216.3129481056,1,0,0,0,0,0,0,1,0,0,1,2,2,1,1,1,1,20190204,1,1,1
44,20190204,4397,3954,1635.46213653284,115,24604.883427612596,22969.421291079758,0,1,0,0,0,0,0,0,1,0,0,0,0,0,0,0,0,20190204,0,0,4
45,20190204,39337,35409,15605.339766963501,1031,225234.614362895,209629.2745959315,0,1,0,0,0,0,0,1,0,0,0,1,1,0,0,0,0,20190204,0,0,2
46,20190204,2306,2103,1882.3979934334,41,8313.90455598707,6431.50656255367,0,0,0,1,0,0,0,0,1,0,0,0,0,0,0,0,0,20190204,0,0,4
47,20190204,18794,16931,12885.7825276326,365,71214.7364737625,58328.9539461299,0,0,0,1,0,0,0,1,0,0,0,1,1,0,0,0,0,20190204,0,0,3
48,20190205,18660,16781,23711.9008155161,1003,216846.63088642,193134.7300709039,0,0,0,0,0,1,0,0,1,0,0,1,1,0,0,0,0,20190205,0,0,2
49,20190205,197331,177594,190218.731592428,11038,2328811.60655879,2138592.874966362,0,0,0,0,0,1,0,1,0,0,7,6,6,4,4,4,7,20190205,4,4,0
50,20190205,14842,13382,8027.76520735178,525,110650.944031817,102623.17882446521,0,0,1,0,0,0,0,0,1,0,0,0,0,0,0,0,0,20190205,0,0,3
51,20190205,91642,82592,52295.7792511024,3036,635864.84710741,583569.0678563076,0,0,1,0,0,0,0,1,0,0,1,3,3,1,1,1,1,20190205,1,1,1
52,20190205,12547,11282,10033.8426710765,462,103276.15129651,93242.30862543349,0,0,0,0,1,0,0,0,1,0,0,0,0,0,0,0,0,20190205,0,0,3
53,20190205,88400,79549,55308.04795403231,2987,663478.793168305,608170.7452142726,0,0,0,0,1,0,0,1,0,0,2,3,3,1,1,1,2,20190205,1,1,1
54,20190205,4831,4353,4807.28450312245,211,43601.2036882665,38793.91918514405,1,0,0,0,0,0,0,0,1,0,0,0,0,0,0,0,0,20190205,0,0,4
55,20190205,49969,44861,45305.4760000695,2181,474785.411457361,429479.9354572915,1,0,0,0,0,0,0,1,0,0,1,1,1,1,1,1,1,20190205,1,1,1
56,20190205,4162,3743,1986.74753897873,117,24782.9745198248,22796.22698084607,0,1,0,0,0,0,0,0,1,0,0,0,0,0,0,0,0,20190205,0,0,4
57,20190205,36687,32988,18133.6388818179,923,195271.13161847,177137.49273665212,0,1,0,0,0,0,0,1,0,0,0,1,1,0,0,0,0,20190205,0,0,2
58,20190205,3220,2908,1870.1109005601397,77,16503.217532501,14633.10663194086,0,0,0,1,0,0,0,0,1,0,0,0,0,0,0,0,0,20190205,0,0,4
59,20190205,27469,24754,18893.6123981756,481,104120.076929351,85226.4645311754,0,0,0,1,0,0,0,1,0,0,0,1,1,0,0,0,0,20190205,0,0,3
60,20190206,17700,15957,20282.1458607733,961,197088.80928535698,176806.66342458368,0,0,0,0,0,1,0,0,1,0,0,0,0,0,0,0,0,20190206,0,0,2
61,20190206,178965,160990,172824.546249901,9886,2125814.57874697,1952990.0324970689,0,0,0,0,0,1,0,1,0,0,6,5,5,4,4,4,6,20190206,4,4,0
62,20190206,14243,12759,10944.5321411185,449,84327.0949069884,73382.5627658699,0,0,1,0,0,0,0,0,1,0,0,0,0,0,0,0,0,20190206,0,0,3
63,20190206,94814,85326,64815.627161170705,3200,656151.71692446,591336.0897632893,0,0,1,0,0,0,0,1,0,0,2,3,3,1,1,1,2,20190206,1,1,1
64,20190206,12076,10903,8537.792222291171,387,77893.26012280589,69355.46790051472,0,0,0,0,1,0,0,0,1,0,0,0,0,0,0,0,0,20190206,0,0,3
65,20190206,74660,67217,57888.7469001027,2575,497920.250150833,440031.5032507303,0,0,0,0,1,0,0,1,0,0,2,2,2,1,1,1,2,20190206,1,1,1
66,20190206,4082,3677,3247.65056268207,199,40866.8171960952,37619.16663341313,1,0,0,0,0,0,0,0,1,0,0,0,0,0,0,0,0,20190206,0,0,4
67,20190206,43807,39454,39421.217615313704,1972,442981.24549491896,403560.02787960524,1,0,0,0,0,0,0,1,0,0,1,1,1,1,1,1,1,20190206,1,1,1
68,20190206,5059,4550,2345.44546012926,114,21426.3507920325,19080.90533190324,0,1,0,0,0,0,0,0,1,0,0,0,0,0,0,0,0,20190206,0,0,4
69,20190206,38602,34738,13698.8558754799,1051,209031.60169049603,195332.74581501613,0,1,0,0,0,0,0,1,0,0,0,1,1,0,0,0,0,20190206,0,0,2
70,20190206,4006,3590,2832.45300426866,90,17986.3844393989,15153.931435130238,0,0,0,1,0,0,0,0,1,0,0,0,0,0,0,0,0,20190206,0,0,4
71,20190206,32487,29177,20644.7326218465,577,124431.337285368,103786.6046635215,0,0,0,1,0,0,0,1,0,0,0,1,1,0,0,0,0,20190206,0,0,3
72,20190207,16014,14379,18165.5213631746,863,184272.38958224,166106.8682190654,0,0,0,0,0,1,0,0,1,0,0,0,0,0,0,0,0,20190207,0,0,2
73,20190207,186862,168153,213626.994929599,10339,2256463.22324727,2042836.228317671,0,0,0,0,0,1,0,1,0,0,7,6,6,4,4,4,7,20190207,4,4,0
74,20190207,11612,10448,5819.5428461683805,423,87285.7641634369,81466.22131726853,0,0,1,0,0,0,0,0,1,0,0,0,0,0,0,0,0,20190207,0,0,3
75,20190207,87402,78670,68514.6551595376,2904,550033.0279249729,481518.3727654354,0,0,1,0,0,0,0,1,0,0,2,3,3,1,1,1,2,20190207,1,1,1
76,20190207,12105,10920,6515.6521295852,393,83681.4299536294,77165.7778240442,0,0,0,0,1,0,0,0,1,0,0,0,0,0,0,0,0,20190207,0,0,3
77,20190207,93819,84419,71764.2842708149,3139,643551.645719597,571787.3614487821,0,0,0,0,1,0,0,1,0,0,2,3,3,1,1,1,2,20190207,1,1,1
78,20190207,4618,4160,3979.5255801476897,203,35914.6613441914,31935.135764043713,1,0,0,0,0,0,0,0,1,0,0,0,0,0,0,0,0,20190207,0,0,4
79,20190207,51471,46324,54535.444053294406,2308,446226.13662492705,391690.6925716326,1,0,0,0,0,0,0,1,0,0,2,2,2,1,1,1,2,20190207,1,1,1
80,20190207,4120,3714,1205.98137844461,110,23330.3063473413,22124.32496889669,0,1,0,0,0,0,0,0,1,0,0,0,0,0,0,0,0,20190207,0,0,4
81,20190207,34892,31382,7670.97970027765,916,170395.392088376,162724.41238809834,0,1,0,0,0,0,0,1,0,0,0,1,1,0,0,0,0,20190207,0,0,2
82,20190207,2800,2535,2029.23820795793,52,11327.3835532433,9298.145345285371,0,0,0,1,0,0,0,0,1,0,0,0,0,0,0,0,0,20190207,0,0,4
83,20190207,22925,20567,17028.161320453102,440,87501.725270678,70473.5639502249,0,0,0,1,0,0,0,1,0,0,0,1,1,0,0,0,0,20190207,0,0,3
84,20190208,16024,14422,20470.5222777878,888,179221.30610568897,158750.78382790118,0,0,0,0,0,1,0,0,1,0,0,0,0,0,0,0,0,20190208,0,0,2
85,20190208,212528,191119,247921.28740365698,11625,2364278.11143778,2116356.8240341228,0,0,0,0,0,1,0,1,0,0,8,7,7,5,4,4,8,20190208,5,4,0
86,20190208,15282,13743,10327.4132258339,563,117166.529199468,106839.1159736341,0,0,1,0,0,0,0,0,1,0,0,0,0,0,0,0,0,20190208,0,0,3
87,20190208,111033,100055,59126.766007940896,3674,900507.56524931,841380.7992413691,0,0,1,0,0,0,0,1,0,0,2,3,3,1,1,2,2,20190208,1,1,20
88,20190208,13478,12174,8676.08775501547,433,89679.89734087551,81003.80958586004,0,0,0,0,1,0,0,0,1,0,0,0,0,0,0,0,0,20190208,0,0,3
89,20190208,93285,83846,67724.9557629,3117,676127.2042939711,608402.248531071,0,0,0,0,1,0,0,1,0,0,2,3,3,1,1,1,2,20190208,1,1,1
90,20190208,5258,4712,3520.5704754137,215,43636.9658939792,40116.3954185655,1,0,0,0,0,0,0,0,1,0,0,0,0,0,0,0,0,20190208,0,0,4
91,20190208,60266,54254,49176.3542590419,2687,562429.300965933,513252.9467068911,1,0,0,0,0,0,0,1,0,0,1,2,2,1,1,1,1,20190208,1,1,1
92,20190208,4586,4128,1346.83119757382,118,24369.678396475298,23022.847198901476,0,1,0,0,0,0,0,0,1,0,0,0,0,0,0,0,0,20190208,0,0,4
93,20190208,38239,34376,14749.595660362,1036,197000.366106004,182250.770445642,0,1,0,0,0,0,0,1,0,0,0,1,1,0,0,0,0,20190208,0,0,2
94,20190208,3865,3495,2379.28540292234,75,14947.805758800401,12568.520355878061,0,0,0,1,0,0,0,0,1,0,0,0,0,0,0,0,0,20190208,0,0,4
95,20190208,29229,26234,24054.5544477269,458,96195.39320027099,72140.83875254409,0,0,0,1,0,0,0,1,0,0,0,1,1,0,0,0,0,20190208,0,0,8
96,20190209,19864,17804,23178.3286155453,1084,230212.615265691,207034.28665014572,0,0,0,0,0,1,0,0,1,0,0,1,1,0,0,0,0,20190209,0,0,2
97,20190209,232607,209313,299703.750972996,12801,2367956.84491548,2068253.093942484,0,0,0,0,0,1,0,1,0,0,8,7,7,5,4,4,8,20190209,5,4,0
98,20190209,16658,14958,9879.7670723631,534,114875.39066139699,104995.62358903389,0,0,1,0,0,0,0,0,1,0,0,0,0,0,0,0,0,20190209,0,0,3
99,20190209,113047,101844,87074.8921374715,3669,741089.9119872829,654015.0198498114,0,0,1,0,0,0,0,1,0,0,3,3,3,1,1,1,3,20190209,1,1,1
100,20190209,13544,12202,9021.270565880792,456,91538.4511766481,82517.1806107673,0,0,0,0,1,0,0,0,1,0,0,0,0,0,0,0,0,20190209,0,0,3
101,20190209,110419,99394,90415.14575297391,3716,802672.151058905,712257.005305931,0,0,0,0,1,0,0,1,0,0,3,3,3,1,1,1,3,20190209,1,1,1
102,20190209,5225,4714,5113.94533588918,268,52354.0119058913,47240.06657000212,1,0,0,0,0,0,0,0,1,0,0,0,0,0,0,0,0,20190209,0,0,4
103,20190209,52057,46830,51451.043271220195,2254,435551.256922507,384100.21365128685,1,0,0,0,0,0,0,1,0,0,1,2,2,1,1,1,1,20190209,1,1,1
104,20190209,6378,5804,2831.5819615900105,155,30905.3875736625,28073.80561207249,0,1,0,0,0,0,0,0,1,0,0,0,0,0,0,0,0,20190209,0,0,4
105,20190209,45573,40909,15770.9313778312,1197,244268.259643002,228497.3282651708,0,1,0,0,0,0,0,1,0,0,0,1,1,0,0,0,0,20190209,0,0,7
106,20190209,4470,4039,3541.50757233276,74,15065.610435068,11524.102862735239,0,0,0,1,0,0,0,0,1,0,0,0,0,0,0,0,0,20190209,0,0,4
107,20190209,32836,29558,21233.9924371769,586,130106.207770615,108872.2153334381,0,0,0,1,0,0,0,1,0,0,0,1,1,0,0,0,0,20190209,0,0,8
108,20190210,18810,16945,25420.413231461098,1076,218587.16192977602,193166.7486983149,0,0,0,0,0,1,0,0,1,0,0,1,1,0,0,0,0,20190210,0,0,2
109,20190210,242757,218609,289038.344955864,13318,2570539.93874302,2281501.593787156,0,0,0,0,0,1,0,1,0,0,8,7,7,5,5,5,8,20190210,5,5,0
110,20190210,17586,15786,10658.6942159075,582,130860.737589264,120202.0433733565,0,0,1,0,0,0,0,0,1,0,0,0,0,0,0,0,0,20190210,0,0,8
111,20190210,131203,118278,79869.53871424889,4310,968180.571587848,888311.0328735991,0,0,1,0,0,0,0,1,0,0,3,4,4,1,2,2,3,20190210,1,2,20
112,20190210,15016,13487,12627.398357908001,483,100076.402193215,87449.003835307,0,0,0,0,1,0,0,0,1,0,0,0,0,0,0,0,0,20190210,0,0,3
113,20190210,120741,108669,73591.9226829172,3980,761260.016194543,687668.0935116258,0,0,0,0,1,0,0,1,0,0,2,4,4,1,1,1,2,20190210,1,1,1
114,20190210,5474,4914,5188.79959275214,232,46495.0332633452,41306.23367059306,1,0,0,0,0,0,0,0,1,0,0,0,0,0,0,0,0,20190210,0,0,4
115,20190210,55527,50063,37884.4756425756,2339,483321.54265817,445437.0670155944,1,0,0,0,0,0,0,1,0,0,1,2,2,1,1,1,1,20190210,1,1,1
116,20190210,4730,4276,1601.2559070936402,112,23468.633600165096,21867.377693071456,0,1,0,0,0,0,0,0,1,0,0,0,0,0,0,0,0,20190210,0,0,4
117,20190210,37308,33578,13635.7612970506,947,168189.343105168,154553.5818081174,0,1,0,0,0,0,0,1,0,0,0,1,1,0,0,0,0,20190210,0,0,2
118,20190210,4276,3847,3453.19317885401,78,15894.473133516201,12441.279954662192,0,0,0,1,0,0,0,0,1,0,0,0,0,0,0,0,0,20190210,0,0,4
119,20190210,35109,31511,22551.351702875498,570,110358.83576857901,87807.48406570351,0,0,0,1,0,0,0,1,0,0,0,1,1,0,0,0,0,20190210,0,0,3
120,20190211,18287,16429,18964.6058402176,992,198071.53017597398,179106.9243357564,0,0,0,0,0,1,0,0,1,0,0,0,0,0,0,0,0,20190211,0,0,2
121,20190211,236745,212998,289101.49039803,12874,2692070.20119971,2402968.71080168,0,0,0,0,0,1,0,1,0,0,8,7,7,5,5,5,8,20190211,5,5,0
122,20190211,12572,11281,6694.42732228313,413,89334.2640472712,82639.83672498807,0,0,1,0,0,0,0,0,1,0,0,0,0,0,0,0,0,20190211,0,0,3
123,20190211,102287,91979,60442.864730706104,3318,684322.704009016,623879.83927831,0,0,1,0,0,0,0,1,0,0,2,3,3,1,1,1,2,20190211,1,1,1
124,20190211,12486,11210,6230.169009067729,403,91366.43521834731,85136.26620927958,0,0,0,0,1,0,0,0,1,0,0,0,0,0,0,0,0,20190211,0,0,3
125,20190211,96520,86769,74450.56720179481,3137,646535.74138808,572085.1741862851,0,0,0,0,1,0,0,1,0,0,2,3,3,1,1,1,2,20190211,1,1,1
126,20190211,4349,3926,3760.3352806039597,222,45426.536321795196,41666.201041191234,1,0,0,0,0,0,0,0,1,0,0,0,0,0,0,0,0,20190211,0,0,4
127,20190211,56015,50486,57356.7632493593,2484,483780.11062969104,426423.3473803317,1,0,0,0,0,0,0,1,0,0,2,2,2,1,1,1,2,20190211,1,1,1
128,20190211,4635,4220,2150.46502409501,115,23714.8546218693,21564.38959777429,0,1,0,0,0,0,0,0,1,0,0,0,0,0,0,0,0,20190211,0,0,4
129,20190211,41742,37594,16877.2283935349,999,197047.2176127,180169.98921916512,0,1,0,0,0,0,0,1,0,0,0,1,1,0,0,0,0,20190211,0,0,2
130,20190211,3197,2877,2199.5294114605604,66,13012.6782246751,10813.14881321454,0,0,0,1,0,0,0,0,1,0,0,0,0,0,0,0,0,20190211,0,0,4
131,20190211,33499,30044,22567.764250121,573,121041.940335325,98474.176085204,0,0,0,1,0,0,0,1,0,0,0,1,1,0,0,0,0,20190211,0,0,3
132,20190212,20960,18844,21980.8262084279,1095,237983.636013007,216002.8098045791,0,0,0,0,0,1,0,0,1,0,0,1,1,0,0,0,0,20190212,0,0,2
133,20190212,198792,178919,255545.98571141102,10802,2148325.9068271997,1892779.9211157886,0,0,0,0,0,1,0,1,0,0,8,6,6,4,4,4,8,20190212,4,4,0
134,20190212,13667,12318,7032.62989876797,492,105864.248118027,98831.61821925902,0,0,1,0,0,0,0,0,1,0,0,0,0,0,0,0,0,20190212,0,0,3
135,20190212,106705,95972,47650.0640406062,3490,699256.808903154,651606.7448625478,0,0,1,0,0,0,0,1,0,0,1,3,3,1,1,1,1,20190212,1,1,1
136,20190212,14336,12955,10591.673313407,445,92740.43403228589,82148.7607188789,0,0,0,0,1,0,0,0,1,0,0,0,0,0,0,0,0,20190212,0,0,3
137,20190212,96026,86474,83817.2921103234,3209,628562.788896736,544745.4967864126,0,0,0,0,1,0,0,1,0,0,3,3,3,1,1,1,3,20190212,1,1,1
138,20190212,4914,4387,3956.67814515386,211,46047.7652429098,42091.08709775594,1,0,0,0,0,0,0,0,1,0,0,0,0,0,0,0,0,20190212,0,0,4
139,20190212,48423,43584,48322.2356549914,2043,407377.353220184,359055.1175651926,1,0,0,0,0,0,0,1,0,0,1,1,1,1,1,0,1,20190212,1,1,1
140,20190212,4775,4295,1144.5063829579199,119,23694.5684568987,22550.062073940782,0,1,0,0,0,0,0,0,1,0,0,0,0,0,0,0,0,20190212,0,0,4
141,20190212,45738,41214,18126.4261015489,1129,232720.92428849102,214594.49818694213,0,1,0,0,0,0,0,1,0,0,0,1,1,0,0,0,0,20190212,0,0,7
142,20190212,4275,3853,2685.7753954384198,75,16401.8419439936,13716.06654855518,0,0,0,1,0,0,0,0,1,0,0,0,0,0,0,0,0,20190212,0,0,4
143,20190212,36484,32837,26233.7233089653,618,121208.90351108,94975.1802021147,0,0,0,1,0,0,0,1,0,0,0,1,1,0,0,0,0,20190212,0,0,3
144,20190213,15265,13748,19242.6064858704,780,167129.146594017,147886.54010814658,0,0,0,0,0,1,0,0,1,0,0,0,0,0,0,0,0,20190213,0,0,2
145,20190213,182978,164752,226165.955704705,9979,2132338.76279272,1906172.807088015,0,0,0,0,0,1,0,1,0,0,7,6,6,4,4,4,7,20190213,4,4,0
146,20190213,10477,9350,4946.826771096121,307,66500.1620311039,61553.33526000778,0,0,1,0,0,0,0,0,1,0,0,0,0,0,0,0,0,20190213,0,0,8
147,20190213,76655,69105,36876.717366529505,2491,522956.22214238206,486079.50477585255,0,0,1,0,0,0,0,1,0,0,1,2,2,1,1,1,1,20190213,1,1,1
148,20190213,12428,11136,11525.1957618418,421,94725.4729234263,83200.27716158451,0,0,0,0,1,0,0,0,1,0,0,0,0,0,0,0,0,20190213,0,0,3
149,20190213,87125,78450,51682.8175787483,2839,616387.786601729,564704.9690229807,0,0,0,0,1,0,0,1,0,0,1,3,3,1,1,1,1,20190213,1,1,1
150,20190213,3954,3552,3202.64577024629,150,30368.4101113294,27165.764341083108,1,0,0,0,0,0,0,0,1,0,0,0,0,0,0,0,0,20190213,0,0,4
151,20190213,42827,38637,46386.4948792236,1811,377730.421659452,331343.92678022844,1,0,0,0,0,0,0,1,0,0,1,1,1,0,0,0,1,20190213,0,0,1
152,20190213,4708,4268,1899.4411824652698,124,25265.525378297596,23366.084195832325,0,1,0,0,0,0,0,0,1,0,0,0,0,0,0,0,0,20190213,0,0,4
153,20190213,39580,35521,16551.1906472256,978,193210.75821610302,176659.56756887742,0,1,0,0,0,0,0,1,0,0,0,1,1,0,0,0,0,20190213,0,0,2
154,20190213,2422,2167,1906.11329095907,42,8845.806801730749,6939.693510771679,0,0,0,1,0,0,0,0,1,0,0,0,0,0,0,0,0,20190213,0,0,4
155,20190213,23526,21177,19030.5593038257,388,85743.3094867715,66712.7501829458,0,0,0,1,0,0,0,1,0,0,0,1,1,0,0,0,0,20190213,0,0,3
156,20190214,16098,14569,18031.9787720874,874,182459.89155101898,164427.91277893158,0,0,0,0,0,1,0,0,1,0,0,0,0,0,0,0,0,20190214,0,0,2
157,20190214,181533,163265,205068.63926980898,9824,2123540.92783847,1918472.2885686608,0,0,0,0,0,1,0,1,0,0,7,6,6,4,4,4,7,20190214,4,4,0
158,20190214,11860,10691,7416.89356354278,403,79577.1196656537,72160.22610211093,0,0,1,0,0,0,0,0,1,0,0,0,0,0,0,0,0,20190214,0,0,3
159,20190214,87959,79074,56797.572154986105,2726,609099.633252921,552302.061097935,0,0,1,0,0,0,0,1,0,0,2,3,3,1,1,1,2,20190214,1,1,1
160,20190214,11821,10600,9957.90822347912,386,84590.7000937802,74632.79187030107,0,0,0,0,1,0,0,0,1,0,0,0,0,0,0,0,0,20190214,0,0,3
161,20190214,82167,73919,54264.588388840995,2634,490231.11477249704,435966.526383656,0,0,0,0,1,0,0,1,0,0,2,2,2,1,1,1,2,20190214,1,1,1
162,20190214,3157,2831,2514.28607373827,135,28266.069689497403,25751.783615759134,1,0,0,0,0,0,0,0,1,0,0,0,0,0,0,0,0,20190214,0,0,4
163,20190214,43381,39000,41538.7165289736,1775,380121.148061105,338582.4315321314,1,0,0,0,0,0,0,1,0,0,1,1,1,0,0,0,1,20190214,0,0,1
164,20190214,3612,3255,1351.69945754726,85,18180.8571730306,16829.15771548334,0,1,0,0,0,0,0,0,1,0,0,0,0,0,0,0,0,20190214,0,0,4
165,20190214,31076,28022,16179.237589433,787,163193.465162414,147014.227572981,0,1,0,0,0,0,0,1,0,0,0,1,1,0,0,0,0,20190214,0,0,2
166,20190214,4338,3865,2653.74121041686,76,15587.999509121299,12934.258298704439,0,0,0,1,0,0,0,0,1,0,0,0,0,0,0,0,0,20190214,0,0,4
167,20190214,34683,31122,26208.8796207718,561,121366.27268800199,95157.3930672302,0,0,0,1,0,0,0,1,0,0,0,1,1,0,0,0,0,20190214,0,0,3
168,20190215,19248,17360,22669.353755062002,1053,217532.539012646,194863.185257584,0,0,0,0,0,1,0,0,1,0,0,1,1,0,0,0,0,20190215,0,0,2
169,20190215,218495,196301,228594.19386432698,11648,2489889.52640724,2261295.332542913,0,0,0,0,0,1,0,1,0,0,7,7,7,5,5,5,7,20190215,5,5,0
170,20190215,15207,13686,12662.1267671393,517,106417.23541223099,93755.10864509169,0,0,1,0,0,0,0,0,1,0,0,0,0,0,0,0,0,20190215,0,0,3
171,20190215,106040,95318,62017.2037251577,3474,737351.5862273971,675334.3825022394,0,0,1,0,0,0,0,1,0,0,2,3,3,1,1,1,2,20190215,1,1,1
172,20190215,14252,12800,10763.2370099256,458,94714.6055625661,83951.36855264049,0,0,0,0,1,0,0,0,1,0,0,0,0,0,0,0,0,20190215,0,0,3
173,20190215,103206,92929,70008.6363102048,3263,593395.308270305,523386.67196010024,0,0,0,0,1,0,0,1,0,0,2,3,3,1,1,1,2,20190215,1,1,1
174,20190215,5086,4539,4874.460550964171,221,44187.082890895595,39312.622339931426,1,0,0,0,0,0,0,0,1,0,0,0,0,0,0,0,0,20190215,0,0,4
175,20190215,65867,59437,57392.3150824124,2838,502412.57877439604,445020.26369198365,1,0,0,0,0,0,0,1,0,0,2,2,2,1,1,1,2,20190215,1,1,1
176,20190215,4382,3982,1618.5344828441198,116,24880.7365522006,23262.20206935648,0,1,0,0,0,0,0,0,1,0,0,0,0,0,0,0,0,20190215,0,0,4
177,20190215,36519,32712,14601.5201706522,914,193441.10406933102,178839.58389867883,0,1,0,0,0,0,0,1,0,0,0,1,1,0,0,0,0,20190215,0,0,2
178,20190215,3377,3031,2629.83282775592,60,13049.3459573721,10419.51312961618,0,0,0,1,0,0,0,0,1,0,0,0,0,0,0,0,0,20190215,0,0,4
179,20190215,32239,29089,21867.2120683754,577,120137.505601104,98270.2935327286,0,0,0,1,0,0,0,1,0,0,0,1,1,0,0,0,0,20190215,0,0,3
180,20190216,16761,15090,18302.9965508895,912,196178.86061921602,177875.8640683265,0,0,0,0,0,1,0,0,1,0,0,0,0,0,0,0,0,20190216,0,0,2
181,20190216,228106,205260,271163.476515205,12091,2271615.26979995,2000451.793284745,0,0,0,0,0,1,0,1,0,0,8,7,7,5,4,4,8,20190216,5,4,0
182,20190216,15631,14101,7583.60622336353,528,106173.25767725901,98589.65145389548,0,0,1,0,0,0,0,0,1,0,0,0,0,0,0,0,0,20190216,0,0,3
183,20190216,100386,90237,50072.836465425804,3297,638496.121208256,588423.2847428302,0,0,1,0,0,0,0,1,0,0,1,3,3,1,1,1,1,20190216,1,1,1
184,20190216,17756,15949,14011.2067084434,570,112235.82860921301,98224.62190076962,0,0,0,0,1,0,0,0,1,0,0,0,0,0,0,0,0,20190216,0,0,3
185,20190216,99186,89414,78355.6885028048,3142,674002.7113326329,595647.0228298281,0,0,0,0,1,0,0,1,0,0,2,3,3,1,1,1,2,20190216,1,1,1
186,20190216,4718,4253,3917.19611270455,207,42367.7992142125,38450.60310150795,1,0,0,0,0,0,0,0,1,0,0,0,0,0,0,0,0,20190216,0,0,4
187,20190216,49053,44224,43206.2238389571,2091,451028.815521274,407822.5916823169,1,0,0,0,0,0,0,1,0,0,1,1,1,1,1,1,1,20190216,1,1,1
188,20190216,6157,5522,1668.8019959698001,183,39239.0096426255,37570.2076466557,0,1,0,0,0,0,0,0,1,0,0,0,0,0,0,0,0,20190216,0,0,4
189,20190216,53580,48147,14797.5657014099,1344,280191.386550424,265393.8208490141,0,1,0,0,0,0,0,1,0,0,0,2,2,0,0,0,0,20190216,0,0,7
190,20190216,4201,3777,2639.94733701621,77,17256.5920507564,14616.64471374019,0,0,0,1,0,0,0,0,1,0,0,0,0,0,0,0,0,20190216,0,0,4
191,20190216,35921,32244,33537.700545596,619,125691.827706789,92154.127161193,0,0,0,1,0,0,0,1,0,0,1,1,1,0,0,0,1,20190216,0,0,3
192,20190217,19891,17960,22864.851685877,1019,219650.74087269398,196785.889186817,0,0,0,0,0,1,0,0,1,0,0,1,1,0,0,0,0,20190217,0,0,2
193,20190217,244002,219837,245471.564335657,13103,2604881.23148495,2359409.6671492932,0,0,0,0,0,1,0,1,0,0,8,7,7,5,5,5,8,20190217,5,5,0
194,20190217,16022,14509,7828.60624121172,478,102636.57253499901,94807.96629378729,0,0,1,0,0,0,0,0,1,0,0,0,0,0,0,0,0,20190217,0,0,3
195,20190217,111499,100413,51756.782113775305,3621,744447.205791032,692690.4236772568,0,0,1,0,0,0,0,1,0,0,1,3,3,1,1,1,1,20190217,1,1,1
196,20190217,16393,14710,13624.415798901398,533,114121.770429846,100497.35463094461,0,0,0,0,1,0,0,0,1,0,0,0,0,0,0,0,0,20190217,0,0,3
197,20190217,114443,102959,78189.3910329849,3546,722047.47161312,643858.0805801351,0,0,0,0,1,0,0,1,0,0,2,3,3,1,1,1,2,20190217,1,1,1
198,20190217,5217,4733,5236.53495041894,196,38351.7915543373,33115.25660391836,1,0,0,0,0,0,0,0,1,0,0,0,0,0,0,0,0,20190217,0,0,4
199,20190217,58882,53153,49078.2025934718,2486,551641.098303419,502562.89570994716,1,0,0,0,0,0,0,1,0,0,1,2,2,1,1,1,1,20190217,1,1,1
200,20190217,5224,4696,1368.6823868352099,129,27613.669786979903,26244.98740014469,0,1,0,0,0,0,0,0,1,0,0,0,0,0,0,0,0,20190217,0,0,4
201,20190217,44509,40097,15844.1589191022,1140,239798.773178661,223954.61425955882,0,1,0,0,0,0,0,1,0,0,0,1,1,0,0,0,0,20190217,0,0,2
202,20190217,3714,3358,2530.00823892803,54,10940.4768761047,8410.46863717667,0,0,0,1,0,0,0,0,1,0,0,0,0,0,0,0,0,20190217,0,0,4
203,20190217,38279,34433,27185.3628837771,678,135474.492355857,108289.12947207989,0,0,0,1,0,0,0,1,0,0,1,1,1,0,0,0,1,20190217,0,0,8
204,20190218,18815,16936,21167.8030867559,1002,193409.751228598,172241.9481418421,0,0,0,0,0,1,0,0,1,0,0,1,1,0,0,0,0,20190218,0,0,2
205,20190218,214742,193234,281007.178130912,11351,2370066.68448533,2089059.5063544177,0,0,0,0,0,1,0,1,0,0,8,7,7,4,5,4,8,20190218,4,5,0
206,20190218,13960,12603,9686.05103621662,414,88990.0204356474,79303.96939943077,0,0,1,0,0,0,0,0,1,0,0,0,0,0,0,0,0,20190218,0,0,3
207,20190218,113571,102343,75626.3961082186,3691,746017.4453770941,670391.0492688755,0,0,1,0,0,0,0,1,0,0,2,3,3,1,1,1,2,20190218,1,1,1
208,20190218,13648,12316,7544.52872940371,427,87373.1006968477,79828.57196744399,0,0,0,0,1,0,0,0,1,0,0,0,0,0,0,0,0,20190218,0,0,3
209,20190218,101475,91442,71846.8507423953,3170,617446.471565095,545599.6208226997,0,0,0,0,1,0,0,1,0,0,2,3,3,1,1,1,2,20190218,1,1,1
210,20190218,4960,4453,4137.12045057048,229,40044.798260756295,35907.677810185814,1,0,0,0,0,0,0,0,1,0,0,0,0,0,0,0,0,20190218,0,0,4
211,20190218,56031,50473,54871.4464401453,2357,457832.66716642794,402961.2207262826,1,0,0,0,0,0,0,1,0,0,2,2,2,1,1,1,2,20190218,1,1,1
212,20190218,5230,4715,1708.91367828789,127,25043.033790837202,23334.120112549313,0,1,0,0,0,0,0,0,1,0,0,0,0,0,0,0,0,20190218,0,0,4
213,20190218,47599,42876,15000.415586568999,1181,242822.79520556302,227822.37961899402,0,1,0,0,0,0,0,1,0,0,0,1,1,0,0,0,0,20190218,0,0,7
214,20190218,5083,4583,4019.87235440824,82,18674.502589723,14654.63023531476,0,0,0,1,0,0,0,0,1,0,0,0,0,0,0,0,0,20190218,0,0,4
215,20190218,44264,39876,40299.4406989613,747,148811.138230896,108511.69753193471,0,0,0,1,0,0,0,1,0,0,1,1,1,0,0,0,1,20190218,0,0,8
216,20190219,20665,18627,24244.000243785697,1073,205404.006462045,181160.0062182593,0,0,0,0,0,1,0,0,1,0,0,1,1,0,0,0,0,20190219,0,0,2
217,20190219,195311,175812,220779.123724573,10375,2347153.2289949,2126374.105270327,0,0,0,0,0,1,0,1,0,0,7,6,6,4,4,4,7,20190219,4,4,0
218,20190219,13155,11844,9149.54113111071,394,80220.98682478639,71071.44569367569,0,0,1,0,0,0,0,0,1,0,0,0,0,0,0,0,0,20190219,0,0,3
219,20190219,87375,78594,66008.89175832071,2810,617220.55033804,551211.6585797193,0,0,1,0,0,0,0,1,0,0,2,3,3,1,1,1,2,20190219,1,1,1
220,20190219,16092,14513,10859.7882861457,514,109116.914027438,98257.1257412923,0,0,0,0,1,0,0,0,1,0,0,0,0,0,0,0,0,20190219,0,0,3
221,20190219,99934,89963,87778.9954568671,3163,667068.302907315,579289.3074504479,0,0,0,0,1,0,0,1,0,0,3,3,3,1,1,1,3,20190219,1,1,1
222,20190219,4226,3763,3651.5128872547707,157,30799.1251868602,27147.61229960543,1,0,0,0,0,0,0,0,1,0,0,0,0,0,0,0,0,20190219,0,0,4
223,20190219,47273,42494,45614.4633300619,1934,416734.47922113,371120.01589106815,1,0,0,0,0,0,0,1,0,0,1,1,1,1,1,1,1,20190219,1,1,1
224,20190219,4870,4369,1777.78742998673,111,21493.9803436017,19716.19291361497,0,1,0,0,0,0,0,0,1,0,0,0,0,0,0,0,0,20190219,0,0,4
225,20190219,40116,36140,23095.5441936621,988,200908.499676077,177812.9554824149,0,1,0,0,0,0,0,1,0,0,0,1,1,0,0,0,0,20190219,0,0,2
226,20190219,4154,3752,3026.08795965866,70,14915.2188886791,11889.130929020439,0,0,0,1,0,0,0,0,1,0,0,0,0,0,0,0,0,20190219,0,0,4
227,20190219,36746,33095,29902.4127916925,612,126622.546532522,96720.13374082951,0,0,0,1,0,0,0,1,0,0,1,1,1,0,0,0,1,20190219,0,0,3
228,20190220,14477,13061,16437.5420371524,720,142869.53794083302,126431.99590368062,0,0,0,0,0,1,0,0,1,0,0,0,0,0,0,0,0,20190220,0,0,8
229,20190220,181331,163359,212274.109864446,9474,2114233.71622725,1901959.606362804,0,0,0,0,0,1,0,1,0,0,7,6,6,3,4,4,7,20190220,3,4,0
230,20190220,13592,12313,11141.8090886665,439,91142.28893236,80000.4798436935,0,0,1,0,0,0,0,0,1,0,0,0,0,0,0,0,0,20190220,0,0,3
231,20190220,90285,81293,66875.2744908986,2897,596468.3768223029,529593.1023314043,0,0,1,0,0,0,0,1,0,0,2,3,3,1,1,1,2,20190220,1,1,1
232,20190220,11980,10711,8750.66670378629,400,87257.1149408562,78506.44823706991,0,0,0,0,1,0,0,0,1,0,0,0,0,0,0,0,0,20190220,0,0,3
233,20190220,79180,70949,55993.817875384004,2567,530673.963084685,474680.14520930103,0,0,0,0,1,0,0,1,0,0,2,2,2,1,1,1,2,20190220,1,1,1
234,20190220,4948,4425,4622.27002115629,198,43592.010982818596,38969.740961662304,1,0,0,0,0,0,0,0,1,0,0,0,0,0,0,0,0,20190220,0,0,4
235,20190220,46994,42294,40577.602703029,2023,399344.721735531,358767.119032502,1,0,0,0,0,0,0,1,0,0,1,1,1,1,0,0,1,20190220,1,0,1
236,20190220,4118,3708,1085.04519022287,109,22828.7906450504,21743.74545482753,0,1,0,0,0,0,0,0,1,0,0,0,0,0,0,0,0,20190220,0,0,4
237,20190220,29501,26576,9162.45262028938,779,162778.911349382,153616.4587290926,0,1,0,0,0,0,0,1,0,0,0,1,1,0,0,0,0,20190220,0,0,2
238,20190220,2964,2655,1768.5581555528,56,11559.2878890811,9790.7297335283,0,0,0,1,0,0,0,0,1,0,0,0,0,0,0,0,0,20190220,0,0,4
239,20190220,26647,23955,21767.354601131003,430,83223.00451171321,61455.64991058221,0,0,0,1,0,0,0,1,0,0,0,1,1,0,0,0,0,20190220,0,0,8
240,20190221,15350,13813,17166.765013609198,788,159879.351505294,142712.5864916848,0,0,0,0,0,1,0,0,1,0,0,0,0,0,0,0,0,20190221,0,0,2
241,20190221,189668,170725,207841.798487738,9879,2077355.27420039,1869513.475712652,0,0,0,0,0,1,0,1,0,0,7,6,6,4,4,4,7,20190221,4,4,0
242,20190221,12361,11118,5518.71123646621,378,83503.301531741,77984.5902952748,0,0,1,0,0,0,0,0,1,0,0,0,0,0,0,0,0,20190221,0,0,3
243,20190221,81544,73383,49157.5906463707,2536,556176.404018735,507018.8133723643,0,0,1,0,0,0,0,1,0,0,1,2,2,1,1,1,1,20190221,1,1,1
244,20190221,10743,9649,6171.199164028629,352,68629.2015100483,62458.00234601967,0,0,0,0,1,0,0,0,1,0,0,0,0,0,0,0,0,20190221,0,0,3
245,20190221,83413,75198,66109.19873837651,2656,540749.519572822,474640.32083444553,0,0,0,0,1,0,0,1,0,0,2,3,3,1,1,1,2,20190221,1,1,1
246,20190221,3295,2969,2674.04602671127,120,26884.559044577003,24210.513017865735,1,0,0,0,0,0,0,0,1,0,0,0,0,0,0,0,0,20190221,0,0,4
247,20190221,40719,36643,31856.8069156527,1658,332335.61155046197,300478.80463480926,1,0,0,0,0,0,0,1,0,0,1,1,1,0,0,0,1,20190221,0,0,21
248,20190221,3035,2734,1162.51575201907,84,18275.0984651832,17112.58271316413,0,1,0,0,0,0,0,0,1,0,0,0,0,0,0,0,0,20190221,0,0,4
249,20190221,31298,28134,10458.2337080849,748,156657.39541163,146199.16170354508,0,1,0,0,0,0,0,1,0,0,0,1,1,0,0,0,0,20190221,0,0,2
250,20190221,3630,3262,2387.2915962713896,56,11914.603414642099,9527.311818370708,0,0,0,1,0,0,0,0,1,0,0,0,0,0,0,0,0,20190221,0,0,4
251,20190221,31837,28594,19386.442939179,510,105304.292733952,85917.84979477299,0,0,0,1,0,0,0,1,0,0,0,1,1,0,0,0,0,20190221,0,0,3
252,20190222,18912,17038,22308.3635798537,1009,198375.09133665398,176066.72775680028,0,0,0,0,0,1,0,0,1,0,0,1,1,0,0,0,0,20190222,0,0,2
253,20190222,216428,194886,269586.60456144303,11267,2422001.9583994,2152415.353837957,0,0,0,0,0,1,0,1,0,0,8,7,7,4,5,5,8,20190222,4,5,0
254,20190222,14966,13419,8363.66176903009,469,90199.5603361151,81835.89856708501,0,0,1,0,0,0,0,0,1,0,0,0,0,0,0,0,0,20190222,0,0,3
255,20190222,98983,89179,57284.9846259359,3114,590247.4279923721,532962.4433664362,0,0,1,0,0,0,0,1,0,0,2,3,3,1,1,1,2,20190222,1,1,1
256,20190222,14896,13389,11607.7116194431,468,101971.46518674801,90363.75356730491,0,0,0,0,1,0,0,0,1,0,0,0,0,0,0,0,0,20190222,0,0,3
257,20190222,94703,85287,65231.942303562406,3068,674732.008896129,609500.0665925666,0,0,0,0,1,0,0,1,0,0,2,3,3,1,1,1,2,20190222,1,1,1
258,20190222,5931,5317,6023.40405732213,251,50563.357007783095,44539.95295046097,1,0,0,0,0,0,0,0,1,0,0,0,0,0,0,0,0,20190222,0,0,4
259,20190222,58031,52060,50916.4050407074,2427,509063.02889669297,458146.6238559856,1,0,0,0,0,0,0,1,0,0,1,2,2,1,1,1,1,20190222,1,1,1
260,20190222,4790,4264,2021.9113982826602,125,26075.471223009903,24053.559824727243,0,1,0,0,0,0,0,0,1,0,0,0,0,0,0,0,0,20190222,0,0,4
261,20190222,37442,33719,13613.562601386799,991,172897.589077532,159284.0264761452,0,1,0,0,0,0,0,1,0,0,0,1,1,0,0,0,0,20190222,0,0,2
262,20190222,3471,3133,2790.36876993181,55,11419.8401861888,8629.471416256989,0,0,0,1,0,0,0,0,1,0,0,0,0,0,0,0,0,20190222,0,0,4
263,20190222,28673,25877,13466.4904388419,487,101074.302206246,87607.8117674041,0,0,0,1,0,0,0,1,0,0,0,1,1,0,0,0,0,20190222,0,0,3
264,20190223,21050,19029,25847.2350223502,1086,245113.280776333,219266.0457539828,0,0,0,0,0,1,0,0,1,0,0,1,1,0,0,0,0,20190223,0,0,7
265,20190223,226459,203714,275082.317882298,11729,2330874.49046381,2055792.172581512,0,0,0,0,0,1,0,1,0,0,8,7,7,5,4,4,8,20190223,5,4,0
266,20190223,15755,14219,8238.04801058653,473,106125.90971455199,97887.86170396546,0,0,1,0,0,0,0,0,1,0,0,0,0,0,0,0,0,20190223,0,0,3
267,20190223,115641,104278,52660.1264596777,3606,740215.328027395,687555.2015677172,0,0,1,0,0,0,0,1,0,0,1,4,4,1,1,1,1,20190223,1,1,1
268,20190223,14311,12905,10401.425578061999,437,93852.950215347,83451.524637285,0,0,0,0,1,0,0,0,1,0,0,0,0,0,0,0,0,20190223,0,0,3
269,20190223,105239,94750,76579.1571904979,3414,711210.340631985,634631.1834414871,0,0,0,0,1,0,0,1,0,0,2,3,3,1,1,1,2,20190223,1,1,1
270,20190223,5013,4475,4301.33049582885,215,48057.569362874696,43756.238867045846,1,0,0,0,0,0,0,0,1,0,0,0,0,0,0,0,0,20190223,0,0,4
271,20190223,52643,47430,52624.4754880065,2169,422007.198865679,369382.7233776725,1,0,0,0,0,0,0,1,0,0,1,2,2,1,1,1,1,20190223,1,1,1
272,20190223,5003,4509,2046.6134992303896,102,21741.3659029368,19694.75240370641,0,1,0,0,0,0,0,0,1,0,0,0,0,0,0,0,0,20190223,0,0,4
273,20190223,39451,35522,13562.3905430502,1013,191459.30563524397,177896.91509219378,0,1,0,0,0,0,0,1,0,0,0,1,1,0,0,0,0,20190223,0,0,2
274,20190223,3260,2910,2259.5565556127,64,14434.7164830412,12175.1599274285,0,0,0,1,0,0,0,0,1,0,0,0,0,0,0,0,0,20190223,0,0,4
275,20190223,32722,29415,22978.0606785591,569,106948.287753524,83970.2270749649,0,0,0,1,0,0,0,1,0,0,0,1,1,0,0,0,0,20190223,0,0,3
276,20190224,19367,17426,22237.8517064119,997,217630.035838124,195392.1841317121,0,0,0,0,0,1,0,0,1,0,0,1,1,0,0,0,0,20190224,0,0,2
277,20190224,238282,214316,268710.20740614,12276,2702193.13583771,2433482.92843157,0,0,0,0,0,1,0,1,0,0,8,7,7,5,5,5,8,20190224,5,5,0
278,20190224,15573,14100,11333.8265322275,481,92737.2859863384,81403.4594541109,0,0,1,0,0,0,0,0,1,0,0,0,0,0,0,0,0,20190224,0,0,3
279,20190224,113817,102446,77732.366794918,3541,657269.158727368,579536.79193245,0,0,1,0,0,0,0,1,0,0,2,3,3,1,1,1,2,20190224,1,1,1
280,20190224,16662,15006,12716.9325517499,549,115370.286885221,102653.3543334711,0,0,0,0,1,0,0,0,1,0,0,0,0,0,0,0,0,20190224,0,0,3
281,20190224,115778,104020,79672.4644414819,3679,791042.852411209,711370.3879697272,0,0,0,0,1,0,0,1,0,0,3,4,4,1,1,1,3,20190224,1,1,1
282,20190224,5807,5252,5376.81981558348,249,46764.0397837372,41387.21996815372,1,0,0,0,0,0,0,0,1,0,0,0,0,0,0,0,0,20190224,0,0,4
283,20190224,63710,57370,55824.467895451504,2568,583432.459617785,527607.9917223335,1,0,0,0,0,0,0,1,0,0,2,2,2,1,1,1,2,20190224,1,1,1
284,20190224,6434,5807,1072.4438732343801,156,34387.979678293996,33315.53580505962,0,1,0,0,0,0,0,0,1,0,0,0,0,0,0,0,0,20190224,0,0,4
285,20190224,49487,44519,19401.349352902802,1218,257843.70680967398,238442.3574567712,0,1,0,0,0,0,0,1,0,0,0,1,1,0,0,0,0,20190224,0,0,7
286,20190224,4078,3671,2236.10288777756,65,13432.0673441073,11195.964456329739,0,0,0,1,0,0,0,0,1,0,0,0,0,0,0,0,0,20190224,0,0,4
287,20190224,34021,30585,21396.070705706497,594,119238.57978241301,97842.50907670651,0,0,0,1,0,0,0,1,0,0,0,1,1,0,0,0,0,20190224,0,0,3
288,20190225,16785,15161,15727.7862762337,863,171103.125350579,155375.3390743453,0,0,0,0,0,1,0,0,1,0,0,0,0,0,0,0,0,20190225,0,0,2
289,20190225,228647,205983,268137.61359515897,11764,2475475.0254499,2207337.411854741,0,0,0,0,0,1,0,1,0,0,8,7,7,5,5,5,8,20190225,5,5,0
290,20190225,15787,14170,10380.193691196999,481,93086.7935976439,82706.5999064469,0,0,1,0,0,0,0,0,1,0,0,0,0,0,0,0,0,20190225,0,0,3
291,20190225,102280,92249,68338.52987957161,3197,673389.220688021,605050.6908084494,0,0,1,0,0,0,0,1,0,0,2,3,3,1,1,1,2,20190225,1,1,1
292,20190225,14971,13490,12930.7373436306,499,100659.89881955199,87729.1614759214,0,0,0,0,1,0,0,0,1,0,0,0,0,0,0,0,0,20190225,0,0,3
293,20190225,111983,100766,81631.115482398,3477,714875.665876462,633244.550394064,0,0,0,0,1,0,0,1,0,0,3,3,3,1,1,1,3,20190225,1,1,1
294,20190225,4804,4319,4311.4597158573,192,37598.942185899105,33287.4824700418,1,0,0,0,0,0,0,0,1,0,0,0,0,0,0,0,0,20190225,0,0,4
295,20190225,45291,40838,39853.9393907539,2012,389250.583158269,349396.6437675151,1,0,0,0,0,0,0,1,0,0,1,1,1,1,0,0,1,20190225,1,0,1
296,20190225,5780,5214,1510.9130503565198,149,31559.533907765097,30048.620857408576,0,1,0,0,0,0,0,0,1,0,0,0,0,0,0,0,0,20190225,0,0,4
297,20190225,44557,40004,19823.0915851128,1057,208340.51024172,188517.41865660722,0,1,0,0,0,0,0,1,0,0,0,1,1,0,0,0,0,20190225,0,0,2
298,20190225,5293,4754,3698.34263304464,85,16210.0780803126,12511.73544726796,0,0,0,1,0,0,0,0,1,0,0,0,0,0,0,0,0,20190225,0,0,4
299,20190225,43724,39299,27111.5573330511,686,145904.693146671,118793.1358136199,0,0,0,1,0,0,0,1,0,0,0,1,1,0,0,0,0,20190225,0,0,8
300,20190226,18478,16650,19238.7258947116,924,186045.981500166,166807.2556054544,0,0,0,0,0,1,0,0,1,0,0,1,1,0,0,0,0,20190226,0,0,2
301,20190226,198797,179095,226353.004959247,10049,2222639.25735159,1996286.2523923428,0,0,0,0,0,1,0,1,0,0,7,6,6,4,4,4,7,20190226,4,4,0
302,20190226,12195,10957,5751.11787458322,385,84146.6141770019,78395.49630241869,0,0,1,0,0,0,0,0,1,0,0,0,0,0,0,0,0,20190226,0,0,3
303,20190226,91650,82498,67523.2176870093,2829,599374.468366729,531851.2506797197,0,0,1,0,0,0,0,1,0,0,2,3,3,1,1,1,2,20190226,1,1,1
304,20190226,14404,12904,9628.90297587646,453,89429.55312865609,79800.65015277962,0,0,0,0,1,0,0,0,1,0,0,0,0,0,0,0,0,20190226,0,0,3
305,20190226,101032,90938,81971.74586262839,3094,623261.625826291,541289.8799636627,0,0,0,0,1,0,0,1,0,0,3,3,3,1,1,1,3,20190226,1,1,1
306,20190226,5400,4879,3951.07721828673,208,42371.4661719138,38420.38895362707,1,0,0,0,0,0,0,0,1,0,0,0,0,0,0,0,0,20190226,0,0,4
307,20190226,61364,55230,61980.4882761242,2603,478264.560000734,416284.0717246098,1,0,0,0,0,0,0,1,0,0,2,2,2,1,1,1,2,20190226,1,1,1
308,20190226,5501,4960,1230.74085568142,114,24541.8497225454,23311.108866863982,0,1,0,0,0,0,0,0,1,0,0,0,0,0,0,0,0,20190226,0,0,4
309,20190226,50640,45543,11337.5424482944,1233,276287.629472843,264950.0870245486,0,1,0,0,0,0,0,1,0,0,0,1,1,0,0,0,0,20190226,0,0,7
310,20190226,2759,2502,1907.0354639129998,52,10882.2414723856,8975.2060084726,0,0,0,1,0,0,0,0,1,0,0,0,0,0,0,0,0,20190226,0,0,4
311,20190226,25996,23381,15515.737278646202,376,76326.0610660707,60810.3237874245,0,0,0,1,0,0,0,1,0,0,0,1,1,0,0,0,0,20190226,0,0,8
312,20190227,16687,14987,18790.3753509871,846,175053.151802346,156262.7764513589,0,0,0,0,0,1,0,0,1,0,0,0,0,0,0,0,0,20190227,0,0,2
313,20190227,186356,167588,197321.902914998,9481,2070534.79257049,1873212.8896554918,0,0,0,0,0,1,0,1,0,0,7,6,6,3,4,4,7,20190227,3,4,0
314,20190227,14410,12978,9049.047556708922,457,95755.8397892275,86706.79223251858,0,0,1,0,0,0,0,0,1,0,0,0,0,0,0,0,0,20190227,0,0,3
315,20190227,92783,83432,51084.7882037378,2859,592141.727414778,541056.9392110402,0,0,1,0,0,0,0,1,0,0,1,3,3,1,1,1,1,20190227,1,1,1
316,20190227,10627,9534,7006.960230415671,338,72639.6637017716,65632.70347135593,0,0,0,0,1,0,0,0,1,0,0,0,0,0,0,0,0,20190227,0,0,3
317,20190227,79310,71389,39669.6805493574,2486,500601.058395372,460931.3778460146,0,0,0,0,1,0,0,1,0,0,1,2,2,1,1,1,1,20190227,1,1,1
318,20190227,4725,4268,3589.1447127863103,188,37877.424532452904,34288.2798196666,1,0,0,0,0,0,0,0,1,0,0,0,0,0,0,0,0,20190227,0,0,4
319,20190227,46240,41485,42768.6418668934,1858,400882.86171244294,358114.21984554955,1,0,0,0,0,0,0,1,0,0,1,1,1,0,1,0,1,20190227,0,1,1
320,20190227,4017,3600,1075.3084748524302,91,18359.6685880695,17284.36011321707,0,1,0,0,0,0,0,0,1,0,0,0,0,0,0,0,0,20190227,0,0,4
321,20190227,37366,33632,11166.350661179,911,188408.215518476,177241.864857297,0,1,0,0,0,0,0,1,0,0,0,1,1,0,0,0,0,20190227,0,0,2
322,20190227,2391,2145,1746.5771903941502,32,5810.98948448667,4064.41229409252,0,0,0,1,0,0,0,0,1,0,0,0,0,0,0,0,0,20190227,0,0,4
323,20190227,19723,17728,13519.3112470884,321,70819.1716710265,57299.8604239381,0,0,0,1,0,0,0,1,0,0,0,1,1,0,0,0,0,20190227,0,0,8
324,20190228,19434,17479,23970.8501231134,982,200528.989443332,176558.1393202186,0,0,0,0,0,1,0,0,1,0,0,1,1,0,0,0,0,20190228,0,0,2
325,20190228,176310,158714,215555.58800440698,9155,2080724.4810334998,1865168.8930290928,0,0,0,0,0,1,0,1,0,0,7,5,5,3,4,4,7,20190228,3,4,0
326,20190228,13294,11952,8280.73465232188,401,88456.3116343327,80175.57698201083,0,0,1,0,0,0,0,0,1,0,0,0,0,0,0,0,0,20190228,0,0,3
327,20190228,82202,73877,50730.2698084581,2587,538445.111642716,487714.8418342579,0,0,1,0,0,0,0,1,0,0,1,2,2,1,1,1,1,20190228,1,1,1
328,20190228,12522,11242,10109.8439441785,394,82964.745615661,72854.9016714825,0,0,0,0,1,0,0,0,1,0,0,0,0,0,0,0,0,20190228,0,0,3
329,20190228,89932,80822,71235.3622260412,2593,540788.983855715,469553.6216296738,0,0,0,0,1,0,0,1,0,0,2,3,3,1,1,1,2,20190228,1,1,1
330,20190228,4809,4358,4072.76252807226,168,36655.8726207109,32583.11009263864,1,0,0,0,0,0,0,0,1,0,0,0,0,0,0,0,0,20190228,0,0,4
331,20190228,53861,48482,41530.7340907635,2183,503925.50052664604,462394.76643588254,1,0,0,0,0,0,0,1,0,0,1,2,2,1,1,1,1,20190228,1,1,1
332,20190228,4129,3703,1917.59533923256,100,20325.2876929783,18407.69235374574,0,1,0,0,0,0,0,0,1,0,0,0,0,0,0,0,0,20190228,0,0,4
333,20190228,34450,31096,15142.5167834775,846,199149.96632702101,184007.4495435435,0,1,0,0,0,0,0,1,0,0,0,1,1,0,0,0,0,20190228,0,0,2
334,20190228,3844,3491,2451.8477502775304,67,13710.004237937399,11258.156487659868,0,0,0,1,0,0,0,0,1,0,0,0,0,0,0,0,0,20190228,0,0,4
335,20190228,30346,27368,20287.6907534295,465,94866.61218046391,74578.92142703441,0,0,0,1,0,0,0,1,0,0,0,1,1,0,0,0,0,20190228,0,0,8
