,ymd,visits,clicks,revenue,bookings,booking_amount,outgoings,platform_AU,platform_BR,platform_DE,platform_JP,platform_UK,platform_US,platform_nan,group_control,group_test,group_nan,revenue_cat,visits_cat,clicks_cat,bookings_cat,outgoings_cat,revenue_cat_2,ymd_2,bookings_cat_2,booking_amount_cat,booking_amount_cat_3,booking_clusters
0,20190501,18978,16560,22868.156215419,1400,307988.783655815,285120.627440396,0,0,0,0,0,1,0,0,1,0,0,0,0,0,1,0,20190501,0,0,0,3
1,20190501,188086,169373,208131.93997935602,13558,2780706.27238926,2572574.3324099043,0,0,0,0,0,1,0,1,0,0,5,5,5,5,8,5,20190501,5,5,5,0
2,20190501,8441,7358,5214.54751012786,348,66838.7191007135,61624.17159058564,0,0,1,0,0,0,0,0,1,0,0,0,0,0,0,0,20190501,0,0,0,2
3,20190501,90793,81661,55249.4070282396,3185,624351.255920834,569101.8488925945,0,0,1,0,0,0,0,1,0,0,2,3,3,1,2,2,20190501,1,1,1,1
4,20190501,10907,9557,8853.6863490938,403,88205.8132224917,79352.12687339791,0,0,0,0,1,0,0,0,1,0,0,0,0,0,0,0,20190501,0,0,0,2
5,20190501,91448,82417,68472.15170672309,3316,682908.3908721029,614436.2391653799,0,0,0,0,1,0,0,1,0,0,2,3,3,1,2,2,20190501,1,1,1,1
6,20190501,5181,4509,4499.22809804933,253,50984.96935928059,46485.74126123126,1,0,0,0,0,0,0,0,1,0,0,0,0,0,0,0,20190501,0,0,0,2
7,20190501,47108,42464,47654.3008578649,2035,402575.055189257,354920.7543313921,1,0,0,0,0,0,0,1,0,0,1,1,1,0,1,1,20190501,0,0,0,3
8,20190501,4118,3602,1292.8904199656301,116,23645.1858065134,22352.29538654777,0,1,0,0,0,0,0,0,1,0,0,0,0,0,0,0,20190501,0,0,0,2
9,20190501,39124,35237,14450.0181248305,1029,225453.94062312398,211003.92249829348,0,1,0,0,0,0,0,1,0,0,0,1,1,0,0,0,20190501,0,0,0,2
10,20190501,2490,2164,1639.3042055691799,41,9130.46292195165,7491.15871638247,0,0,0,1,0,0,0,0,1,0,0,0,0,0,0,0,20190501,0,0,0,2
11,20190501,24402,21950,16683.8531756797,418,89917.2717114876,73233.4185358079,0,0,0,1,0,0,0,1,0,0,0,1,1,0,0,0,20190501,0,0,0,2
12,20190502,18718,16310,20253.217075999,1354,265016.883894258,244763.666818259,0,0,0,0,0,1,0,0,1,0,0,0,0,0,0,0,20190502,0,0,0,3
13,20190502,185754,167251,232254.583548766,13391,2501423.12770967,2269168.544160904,0,0,0,0,0,1,0,1,0,0,6,5,5,5,8,6,20190502,5,4,4,0
14,20190502,9086,7956,5903.85375308058,353,74368.0619149262,68464.20816184563,0,0,1,0,0,0,0,0,1,0,0,0,0,0,0,0,20190502,0,0,0,2
15,20190502,92244,82934,63385.5019355029,3270,673181.85526031,609796.3533248071,0,0,1,0,0,0,0,1,0,0,2,3,3,1,2,2,20190502,1,1,1,1
16,20190502,8877,7659,6136.2008818184995,325,69123.878640793,62987.6777589745,0,0,0,0,1,0,0,0,1,0,0,0,0,0,0,0,20190502,0,0,0,2
17,20190502,86143,77518,45526.3750481131,3031,647647.4195076879,602121.0444595749,0,0,0,0,1,0,0,1,0,0,1,2,2,1,2,1,20190502,1,1,1,1
18,20190502,4130,3588,3661.8227618876795,184,40652.8111613149,36990.988399427224,1,0,0,0,0,0,0,0,1,0,0,0,0,0,0,0,20190502,0,0,0,2
19,20190502,41219,37137,34708.2887572667,1922,401344.939288331,366636.6505310643,1,0,0,0,0,0,0,1,0,0,1,1,1,0,1,1,20190502,0,0,0,3
20,20190502,3821,3301,1783.99615091943,94,21480.675025498702,19696.678874579273,0,1,0,0,0,0,0,0,1,0,0,0,0,0,0,0,20190502,0,0,0,2
21,20190502,35917,32309,14936.878077008301,958,187332.40121923,172395.5231422217,0,1,0,0,0,0,0,1,0,0,0,1,1,0,0,0,20190502,0,0,0,2
22,20190502,3013,2637,1793.77783126773,59,13403.2749142108,11609.497082943071,0,0,0,1,0,0,0,0,1,0,0,0,0,0,0,0,20190502,0,0,0,2
23,20190502,31823,28660,22727.121078893597,579,124123.661270195,101396.5401913014,0,0,0,1,0,0,0,1,0,0,0,1,1,0,0,0,20190502,0,0,0,2
24,20190503,26326,22892,26869.550142337997,2019,402481.76852777,375612.21838543203,0,0,0,0,0,1,0,0,1,0,0,1,1,0,1,0,20190503,0,0,0,3
25,20190503,201147,180901,236017.72923256,14263,3092863.8054413996,2856846.0762088397,0,0,0,0,0,1,0,1,0,0,6,6,6,5,9,6,20190503,5,5,5,0
26,20190503,10460,9112,7386.385422225129,421,94389.8726420316,87003.48721980647,0,0,1,0,0,0,0,0,1,0,0,0,0,0,0,0,20190503,0,0,0,2
27,20190503,108268,97521,68836.3997880113,3895,794082.319245354,725245.9194573427,0,0,1,0,0,0,0,1,0,0,2,3,3,1,2,2,20190503,1,1,1,1
28,20190503,10454,9093,7480.7565184247305,410,83917.3526831042,76436.59616467946,0,0,0,0,1,0,0,0,1,0,0,0,0,0,0,0,20190503,0,0,0,2
29,20190503,102490,92229,67247.5475786124,3584,791761.355577002,724513.8079983897,0,0,0,0,1,0,0,1,0,0,2,3,3,1,2,2,20190503,1,1,1,1
30,20190503,4613,4067,4108.47760157106,248,49346.490993487,45238.01339191594,1,0,0,0,0,0,0,0,1,0,0,0,0,0,0,0,20190503,0,0,0,2
31,20190503,50195,45267,46202.936874849904,2202,506139.230877974,459936.2940031241,1,0,0,0,0,0,0,1,0,0,1,1,1,1,1,1,20190503,1,1,1,7
32,20190503,4704,4085,1139.2932473235,142,27525.670840521,26386.3775931975,0,1,0,0,0,0,0,0,1,0,0,0,0,0,0,0,20190503,0,0,0,2
33,20190503,42790,38534,18384.3934530906,1129,224720.488668487,206336.0952153964,0,1,0,0,0,0,0,1,0,0,0,1,1,0,0,0,20190503,0,0,0,2
34,20190503,3293,2911,2604.55315807857,73,14155.846069180801,11551.292911102231,0,0,0,1,0,0,0,0,1,0,0,0,0,0,0,0,20190503,0,0,0,2
35,20190503,33502,30103,20082.4674801359,618,125834.939020894,105752.4715407581,0,0,0,1,0,0,0,1,0,0,0,1,1,0,0,0,20190503,0,0,0,2
36,20190504,21673,18980,26563.181565807798,1708,384806.793202251,358243.61163644324,0,0,0,0,0,1,0,0,1,0,0,1,1,0,1,0,20190504,0,0,0,3
37,20190504,244692,220192,288498.718349439,17409,3693910.87309139,3405412.154741951,0,0,0,0,0,1,0,1,0,0,7,6,6,6,10,7,20190504,6,6,6,0
38,20190504,12014,10491,5998.93191335687,458,100203.12656782901,94204.19465447214,0,0,1,0,0,0,0,0,1,0,0,0,0,0,0,0,20190504,0,0,0,2
39,20190504,119746,107782,73045.4908393809,4078,829615.631509956,756570.1406705751,0,0,1,0,0,0,0,1,0,0,2,3,3,1,2,2,20190504,1,1,1,1
40,20190504,10705,9312,5868.99195733903,401,78023.77881093441,72154.78685359537,0,0,0,0,1,0,0,0,1,0,0,0,0,0,0,0,20190504,0,0,0,2
41,20190504,122595,110325,101418.526526612,4207,787939.328460225,686520.801933613,0,0,0,0,1,0,0,1,0,0,3,3,3,1,2,3,20190504,1,1,1,1
42,20190504,6081,5316,5138.6667643396795,307,62796.7949317348,57658.12816739512,1,0,0,0,0,0,0,0,1,0,0,0,0,0,0,0,20190504,0,0,0,2
43,20190504,54972,49535,49565.585460328795,2519,519507.642791298,469942.0573309692,1,0,0,0,0,0,0,1,0,0,1,2,2,1,1,1,20190504,1,1,1,7
44,20190504,5273,4595,2444.97569121651,163,35443.9272188389,32998.95152762239,0,1,0,0,0,0,0,0,1,0,0,0,0,0,0,0,20190504,0,0,0,2
45,20190504,52820,47493,23415.144835953703,1364,292020.68474593,268605.5399099763,0,1,0,0,0,0,0,1,0,0,0,1,1,0,1,0,20190504,0,0,0,8
46,20190504,2702,2330,2170.55719639587,48,9313.25368975943,7142.696493363559,0,0,0,1,0,0,0,0,1,0,0,0,0,0,0,0,20190504,0,0,0,2
47,20190504,27421,24694,21382.373378867,496,103615.55808764,82233.18470877301,0,0,0,1,0,0,0,1,0,0,0,1,1,0,0,0,20190504,0,0,0,2
48,20190505,25364,22166,26640.0132801133,1875,386784.80446272,360144.7911826067,0,0,0,0,0,1,0,0,1,0,0,1,1,0,1,0,20190505,0,0,0,3
49,20190505,229611,206480,266807.23735317896,15977,3180039.13556944,2913231.898216261,0,0,0,0,0,1,0,1,0,0,7,6,6,5,10,7,20190505,5,5,5,0
50,20190505,10810,9403,5095.25270249198,403,89462.476687318,84367.22398482602,0,0,1,0,0,0,0,0,1,0,0,0,0,0,0,0,20190505,0,0,0,2
51,20190505,105977,95424,67493.7841503304,3819,821641.694481185,754147.9103308547,0,0,1,0,0,0,0,1,0,0,2,3,3,1,2,2,20190505,1,1,1,1
52,20190505,13967,12146,10552.8216387543,521,102656.727495021,92103.9058562667,0,0,0,0,1,0,0,0,1,0,0,0,0,0,0,0,20190505,0,0,0,2
53,20190505,123141,111023,89665.85430091279,4301,942632.971737008,852967.1174360951,0,0,0,0,1,0,0,1,0,0,2,3,3,1,3,2,20190505,1,1,1,20
54,20190505,4835,4206,3645.5558860781603,212,46062.124206726105,42416.568320647944,1,0,0,0,0,0,0,0,1,0,0,0,0,0,0,0,20190505,0,0,0,2
55,20190505,57361,51670,42341.066467835495,2525,507590.963888961,465249.8974211255,1,0,0,0,0,0,0,1,0,0,1,2,2,1,1,1,20190505,1,1,1,7
56,20190505,4952,4334,1104.68611093737,144,29812.752370572,28708.06625963463,0,1,0,0,0,0,0,0,1,0,0,0,0,0,0,0,20190505,0,0,0,2
57,20190505,53015,47769,16295.285326456798,1351,292996.25170907803,276700.9663826212,0,1,0,0,0,0,0,1,0,0,0,1,1,0,1,0,20190505,0,0,0,8
58,20190505,4494,3959,3181.11778609505,83,17235.2438657911,14054.12607969605,0,0,0,1,0,0,0,0,1,0,0,0,0,0,0,0,20190505,0,0,0,2
59,20190505,39510,35566,26081.3073902672,686,130159.221737612,104077.91434734479,0,0,0,1,0,0,0,1,0,0,0,1,1,0,0,0,20190505,0,0,0,2
60,20190506,22868,20004,26170.6303684694,1660,329469.67192873603,303299.04156026663,0,0,0,0,0,1,0,0,1,0,0,1,1,0,1,0,20190506,0,0,0,3
61,20190506,213915,192441,253409.134448859,14903,2891677.55235247,2638268.417903611,0,0,0,0,0,1,0,1,0,0,6,6,6,5,8,6,20190506,5,5,5,0
62,20190506,9558,8337,6376.10589845443,333,74215.24300405309,67839.13710559865,0,0,1,0,0,0,0,0,1,0,0,0,0,0,0,0,20190506,0,0,0,2
63,20190506,95317,85724,64170.5757665804,3340,658206.3098432539,594035.7340766735,0,0,1,0,0,0,0,1,0,0,2,3,3,1,2,2,20190506,1,1,1,1
64,20190506,11775,10285,7369.038884359059,432,84644.2544000383,77275.21551567924,0,0,0,0,1,0,0,0,1,0,0,0,0,0,0,0,20190506,0,0,0,2
65,20190506,108749,97703,79479.5523592055,3848,792387.0116703641,712907.4593111586,0,0,0,0,1,0,0,1,0,0,2,3,3,1,2,2,20190506,1,1,1,1
66,20190506,5677,4954,4471.66145708166,255,52966.5210625175,48494.85960543584,1,0,0,0,0,0,0,0,1,0,0,0,0,0,0,0,20190506,0,0,0,2
67,20190506,54707,49324,46555.2637941142,2504,508259.56559324794,461704.30179913377,1,0,0,0,0,0,0,1,0,0,1,2,2,1,1,1,20190506,1,1,1,7
68,20190506,4462,3895,1311.72061630855,113,24055.1599790387,22743.43936273015,0,1,0,0,0,0,0,0,1,0,0,0,0,0,0,0,20190506,0,0,0,2
69,20190506,42427,38169,13848.9193953454,1061,213981.17035163802,200132.2509562926,0,1,0,0,0,0,0,1,0,0,0,1,1,0,0,0,20190506,0,0,0,2
70,20190506,4505,3938,2267.13370682893,98,19851.1593930812,17584.025686252273,0,0,0,1,0,0,0,0,1,0,0,0,0,0,0,0,20190506,0,0,0,2
71,20190506,40377,36363,29147.194523705803,735,154056.576155049,124909.38163134319,0,0,0,1,0,0,0,1,0,0,1,1,1,0,0,1,20190506,0,0,0,2
72,20190507,20152,17621,23840.3827258336,1508,326336.278973725,302495.89624789136,0,0,0,0,0,1,0,0,1,0,0,1,0,0,1,0,20190507,0,0,0,3
73,20190507,206986,186537,268487.575344346,14356,3084796.49114593,2816308.915801584,0,0,0,0,0,1,0,1,0,0,7,6,6,5,9,7,20190507,5,5,5,0
74,20190507,9992,8660,6206.90716070725,363,74634.0117641574,68427.10460345015,0,0,1,0,0,0,0,0,1,0,0,0,0,0,0,0,20190507,0,0,0,2
75,20190507,99533,89590,59101.3880613216,3391,686398.150458247,627296.7623969255,0,0,1,0,0,0,0,1,0,0,2,3,3,1,2,2,20190507,1,1,1,1
76,20190507,11216,9835,8635.30504179846,406,87736.81667007231,79101.51162827385,0,0,0,0,1,0,0,0,1,0,0,0,0,0,0,0,20190507,0,0,0,2
77,20190507,103200,92833,63198.9525398072,3602,808873.0321303741,745674.0795905669,0,0,0,0,1,0,0,1,0,0,2,3,3,1,2,2,20190507,1,1,1,1
78,20190507,5166,4496,4668.74542162385,225,45308.678319663304,40639.93289803946,1,0,0,0,0,0,0,0,1,0,0,0,0,0,0,0,20190507,0,0,0,2
79,20190507,50052,45089,42685.878724472,2216,476149.50453931297,433463.62581484095,1,0,0,0,0,0,0,1,0,0,1,1,1,1,1,1,20190507,1,1,1,7
80,20190507,3659,3201,1157.53704122681,105,23489.5976699968,22332.060628769992,0,1,0,0,0,0,0,0,1,0,0,0,0,0,0,0,20190507,0,0,0,2
81,20190507,36430,32763,11161.4348192206,942,201456.09454123199,190294.6597220114,0,1,0,0,0,0,0,1,0,0,0,1,1,0,0,0,20190507,0,0,0,2
82,20190507,2939,2554,1963.9988119573898,51,11258.4134209285,9294.41460897111,0,0,0,1,0,0,0,0,1,0,0,0,0,0,0,0,20190507,0,0,0,2
83,20190507,25809,23207,20479.2303898924,457,98650.67556620609,78171.44517631369,0,0,0,1,0,0,0,1,0,0,0,1,1,0,0,0,20190507,0,0,0,2
84,20190508,20278,17706,23504.197058064103,1504,293500.633009509,269996.4359514449,0,0,0,0,0,1,0,0,1,0,0,1,0,0,1,0,20190508,0,0,0,3
85,20190508,175995,158452,196129.114894992,12121,2487764.41552479,2291635.300629798,0,0,0,0,0,1,0,1,0,0,5,5,5,4,8,5,20190508,4,4,4,0
86,20190508,8505,7443,4787.62004712465,332,65760.34747726259,60972.727430137944,0,0,1,0,0,0,0,0,1,0,0,0,0,0,0,0,20190508,0,0,0,2
87,20190508,87314,78561,69272.9126674844,2845,605232.063714511,535959.1510470266,0,0,1,0,0,0,0,1,0,0,2,2,2,1,2,2,20190508,1,1,1,7
88,20190508,8056,7013,5271.92203835925,261,53927.0651257255,48655.143087366254,0,0,0,0,1,0,0,0,1,0,0,0,0,0,0,0,20190508,0,0,0,2
89,20190508,85347,76818,72769.1234156175,2891,627108.849750361,554339.7263347436,0,0,0,0,1,0,0,1,0,0,2,2,2,1,2,2,20190508,1,1,1,1
90,20190508,3468,3024,2720.31377786864,126,25571.272630005802,22850.958852137162,1,0,0,0,0,0,0,0,1,0,0,0,0,0,0,0,20190508,0,0,0,2
91,20190508,36543,32885,35548.015603157,1555,352062.442009979,316514.426406822,1,0,0,0,0,0,0,1,0,0,1,1,1,0,1,1,20190508,0,0,0,3
92,20190508,4051,3568,1698.29444069215,110,22651.522032317902,20953.227591625753,0,1,0,0,0,0,0,0,1,0,0,0,0,0,0,0,20190508,0,0,0,2
93,20190508,37688,33944,14248.9752871178,943,183850.46292217102,169601.48763505323,0,1,0,0,0,0,0,1,0,0,0,1,1,0,0,0,20190508,0,0,0,2
94,20190508,4538,3936,3875.4774238122704,93,20053.1714398295,16177.69401601723,0,0,0,1,0,0,0,0,1,0,0,0,0,0,0,0,20190508,0,0,0,2
95,20190508,38135,34355,23047.4123703359,659,145714.310451419,122666.89808108311,0,0,0,1,0,0,0,1,0,0,0,1,1,0,0,0,20190508,0,0,0,2
96,20190509,16661,14586,17290.107927951998,1229,254340.009505283,237049.901577331,0,0,0,0,0,1,0,0,1,0,0,0,0,0,0,0,20190509,0,0,0,8
97,20190509,169761,152441,201698.49969009,11585,2286531.12250904,2084832.6228189499,0,0,0,0,0,1,0,1,0,0,5,5,5,4,7,5,20190509,4,4,4,0
98,20190509,7963,6954,4753.7531826579,292,59284.578053548204,54530.824870890305,0,0,1,0,0,0,0,0,1,0,0,0,0,0,0,0,20190509,0,0,0,2
99,20190509,92129,82969,52404.9024218929,3137,671780.228402584,619375.3259806911,0,0,1,0,0,0,0,1,0,0,1,3,3,1,2,1,20190509,1,1,1,1
100,20190509,9317,8179,6976.48607732797,326,63294.3571091262,56317.871031798226,0,0,0,0,1,0,0,0,1,0,0,0,0,0,0,0,20190509,0,0,0,2
101,20190509,97221,87511,66831.0352656224,3320,707511.803285801,640680.7680201785,0,0,0,0,1,0,0,1,0,0,2,3,3,1,2,2,20190509,1,1,1,1
102,20190509,4175,3696,3119.41213647668,181,38014.3945013197,34894.98236484302,1,0,0,0,0,0,0,0,1,0,0,0,0,0,0,0,20190509,0,0,0,2
103,20190509,39927,35978,30974.7404998469,1648,336902.33732074697,305927.5968209001,1,0,0,0,0,0,0,1,0,0,1,1,1,0,1,1,20190509,0,0,0,3
104,20190509,3284,2862,1102.99221201734,94,17979.2567179897,16876.26450597236,0,1,0,0,0,0,0,0,1,0,0,0,0,0,0,0,20190509,0,0,0,2
105,20190509,31441,28270,10028.5444596011,840,175713.576955028,165685.0324954269,0,1,0,0,0,0,0,1,0,0,0,1,1,0,0,0,20190509,0,0,0,2
106,20190509,3192,2745,2313.6237115350896,71,13875.794602596201,11562.170891061112,0,0,0,1,0,0,0,0,1,0,0,0,0,0,0,0,20190509,0,0,0,2
107,20190509,25596,23053,20877.5771023273,397,80971.7814703044,60094.2043679771,0,0,0,1,0,0,0,1,0,0,0,1,1,0,0,0,20190509,0,0,0,2
108,20190510,21611,18869,26429.7890737693,1546,331714.852816098,305285.0637423287,0,0,0,0,0,1,0,0,1,0,0,1,1,0,1,0,20190510,0,0,0,3
109,20190510,213588,192101,204360.315964108,14368,2747058.71767423,2542698.4017101224,0,0,0,0,0,1,0,1,0,0,5,6,6,5,8,5,20190510,5,5,5,0
110,20190510,9804,8562,4986.89145622846,342,70347.7599920643,65360.868535835834,0,0,1,0,0,0,0,0,1,0,0,0,0,0,0,0,20190510,0,0,0,2
111,20190510,111674,100417,87810.9386478345,3799,765600.0036182691,677789.0649704346,0,0,1,0,0,0,0,1,0,0,2,3,3,1,2,2,20190510,1,1,1,1
112,20190510,9983,8653,6649.979378148671,384,81465.5707709412,74815.59139279253,0,0,0,0,1,0,0,0,1,0,0,0,0,0,0,0,20190510,0,0,0,2
113,20190510,99826,89811,78951.3533232713,3378,693495.48378001,614544.1304567388,0,0,0,0,1,0,0,1,0,0,2,3,3,1,2,2,20190510,1,1,1,1
114,20190510,6096,5366,6425.060634082989,323,68621.8609051215,62196.80027103851,1,0,0,0,0,0,0,0,1,0,0,0,0,0,0,0,20190510,0,0,0,2
115,20190510,58676,52759,54360.1473395972,2558,523555.025764629,469194.8784250318,1,0,0,0,0,0,0,1,0,0,2,2,2,1,1,2,20190510,1,1,1,7
116,20190510,3049,2664,647.641401444602,81,16855.7603189346,16208.11891749,0,1,0,0,0,0,0,0,1,0,0,0,0,0,0,0,20190510,0,0,0,2
117,20190510,31820,28634,11315.1740488871,869,183793.082969581,172477.9089206939,0,1,0,0,0,0,0,1,0,0,0,1,1,0,0,0,20190510,0,0,0,2
118,20190510,3793,3324,2239.29708790727,68,13859.718388914,11620.421301006729,0,0,0,1,0,0,0,0,1,0,0,0,0,0,0,0,20190510,0,0,0,2
119,20190510,34285,30795,16464.1577621276,536,109651.35693341901,93187.1991712914,0,0,0,1,0,0,0,1,0,0,0,1,1,0,0,0,20190510,0,0,0,2
120,20190511,26672,23272,30142.2091250158,1942,392170.603351906,362028.3942268902,0,0,0,0,0,1,0,0,1,0,1,1,1,0,1,1,20190511,0,0,0,3
121,20190511,238199,214339,244485.510726544,16070,3419416.10317069,3174930.592444146,0,0,0,0,0,1,0,1,0,0,6,6,6,6,10,6,20190511,6,6,6,0
122,20190511,9793,8542,6323.72540333704,418,89436.53680684199,83112.81140350495,0,0,1,0,0,0,0,0,1,0,0,0,0,0,0,0,20190511,0,0,0,2
123,20190511,120376,108245,68979.13313473361,3885,779245.401743316,710266.2686085823,0,0,1,0,0,0,0,1,0,0,2,3,3,1,2,2,20190511,1,1,1,1
124,20190511,9457,8299,7052.119809124621,318,67122.2299565949,60070.11014747029,0,0,0,0,1,0,0,0,1,0,0,0,0,0,0,0,20190511,0,0,0,2
125,20190511,111630,100599,65756.7249422084,3635,793822.837959385,728066.1130171766,0,0,0,0,1,0,0,1,0,0,2,3,3,1,2,2,20190511,1,1,1,1
126,20190511,6021,5253,5310.58425747615,274,53059.393447828894,47748.809190352746,1,0,0,0,0,0,0,0,1,0,0,0,0,0,0,0,20190511,0,0,0,2
127,20190511,60687,54727,55761.5841012147,2556,543118.967776885,487357.3836756703,1,0,0,0,0,0,0,1,0,0,2,2,2,1,1,2,20190511,1,1,1,7
128,20190511,3918,3409,1679.02480623319,92,18643.4013137994,16964.376507566212,0,1,0,0,0,0,0,0,1,0,0,0,0,0,0,0,20190511,0,0,0,2
129,20190511,34797,31234,15692.974259235601,933,217828.62995464698,202135.65569541138,0,1,0,0,0,0,0,1,0,0,0,1,1,0,0,0,20190511,0,0,0,2
130,20190511,2947,2586,2394.6022920053697,54,11760.5861230465,9365.98383104113,0,0,0,1,0,0,0,0,1,0,0,0,0,0,0,0,20190511,0,0,0,2
131,20190511,30886,27811,20922.279825407,534,113970.788205188,93048.50837978101,0,0,0,1,0,0,0,1,0,0,0,1,1,0,0,0,20190511,0,0,0,2
132,20190512,20829,18229,27074.52804604,1552,328376.969572588,301302.441526548,0,0,0,0,0,1,0,0,1,0,0,1,1,0,1,0,20190512,0,0,0,3
133,20190512,241324,216934,299514.56205755,16000,3207689.06264939,2908174.50059184,0,0,0,0,0,1,0,1,0,0,7,6,6,5,10,7,20190512,5,5,5,0
134,20190512,11063,9672,8406.450709294159,407,86225.5834358236,77819.13272652944,0,0,1,0,0,0,0,0,1,0,0,0,0,0,0,0,20190512,0,0,0,2
135,20190512,126712,113893,73206.00676482849,4291,826621.122702271,753415.1159374425,0,0,1,0,0,0,0,1,0,0,2,4,4,1,2,2,20190512,1,1,1,1
136,20190512,11210,9750,8989.79010964142,417,87951.2080098602,78961.41790021877,0,0,0,0,1,0,0,0,1,0,0,0,0,0,0,0,20190512,0,0,0,2
137,20190512,111773,100637,79164.0938699554,3805,772337.8335319291,693173.7396619737,0,0,0,0,1,0,0,1,0,0,2,3,3,1,2,2,20190512,1,1,1,1
138,20190512,7120,6189,5355.67341369972,337,69031.44033683231,63675.76692313259,1,0,0,0,0,0,0,0,1,0,0,0,0,0,0,0,20190512,0,0,0,2
139,20190512,70061,63092,49914.0954804946,2877,597704.230155783,547790.1346752885,1,0,0,0,0,0,0,1,0,0,1,2,2,1,2,1,20190512,1,1,1,1
140,20190512,6996,6104,2760.24193999685,204,41221.736948729,38461.49500873215,0,1,0,0,0,0,0,0,1,0,0,0,0,0,0,0,20190512,0,0,0,2
141,20190512,59028,53174,27451.783922322298,1412,318599.336506003,291147.5525836807,0,1,0,0,0,0,0,1,0,0,1,2,2,0,1,1,20190512,0,0,0,8
142,20190512,4208,3668,1971.2260652104699,74,14923.0854119795,12951.85934676903,0,0,0,1,0,0,0,0,1,0,0,0,0,0,0,0,20190512,0,0,0,2
143,20190512,33374,30070,26210.256398675298,554,124717.51340284699,98507.2570041717,0,0,0,1,0,0,0,1,0,0,0,1,1,0,0,0,20190512,0,0,0,2
144,20190513,23251,20319,29727.074191062,1637,360081.021710075,330353.94751901296,0,0,0,0,0,1,0,0,1,0,1,1,1,0,1,1,20190513,0,0,0,3
145,20190513,211726,190653,206578.78957653898,14227,2830666.75247737,2624087.9629008314,0,0,0,0,0,1,0,1,0,0,5,6,6,5,8,5,20190513,5,5,5,0
146,20190513,10755,9479,8422.9553391827,349,67825.8971041921,59402.941765009404,0,0,1,0,0,0,0,0,1,0,0,0,0,0,0,0,20190513,0,0,0,2
147,20190513,95862,86343,74068.3360360417,3223,739234.7680134829,665166.4319774412,0,0,1,0,0,0,0,1,0,0,2,3,3,1,2,2,20190513,1,1,1,1
148,20190513,10552,9212,7072.186933168679,385,72640.6340321631,65568.44709899442,0,0,0,0,1,0,0,0,1,0,0,0,0,0,0,0,20190513,0,0,0,2
149,20190513,107277,96687,67336.8250610993,3538,737070.172304253,669733.3472431537,0,0,0,0,1,0,0,1,0,0,2,3,3,1,2,2,20190513,1,1,1,1
150,20190513,3816,3363,3026.0504549408397,171,35468.7526026148,32442.702147673957,1,0,0,0,0,0,0,0,1,0,0,0,0,0,0,0,20190513,0,0,0,2
151,20190513,48148,43438,49295.1449220842,2025,416486.80261196295,367191.6576898788,1,0,0,0,0,0,0,1,0,0,1,1,1,0,1,1,20190513,0,0,0,7
152,20190513,4417,3864,1716.8543891284803,112,23412.184655102203,21695.330265973724,0,1,0,0,0,0,0,0,1,0,0,0,0,0,0,0,20190513,0,0,0,2
153,20190513,41864,37565,13378.148460949,1044,223865.03103426602,210486.88257331704,0,1,0,0,0,0,0,1,0,0,0,1,1,0,0,0,20190513,0,0,0,2
154,20190513,2938,2579,1948.19206056297,49,10090.3597736021,8142.16771303913,0,0,0,1,0,0,0,0,1,0,0,0,0,0,0,0,20190513,0,0,0,2
155,20190513,29645,26584,18783.1471462343,465,98941.41252630288,80158.26538006858,0,0,0,1,0,0,0,1,0,0,0,1,1,0,0,0,20190513,0,0,0,2
156,20190514,21295,18578,26882.706652957597,1450,299514.059971709,272631.3533187514,0,0,0,0,0,1,0,0,1,0,0,1,1,0,1,0,20190514,0,0,0,3
157,20190514,208096,187264,294272.850759321,13922,2938784.44572611,2644511.5949667892,0,0,0,0,0,1,0,1,0,0,7,6,6,5,8,7,20190514,5,5,5,0
158,20190514,9805,8487,5224.01259642236,352,75032.8300799522,69808.81748352984,0,0,1,0,0,0,0,0,1,0,0,0,0,0,0,0,20190514,0,0,0,2
159,20190514,100128,89900,59130.9638892726,3248,691589.789581662,632458.8256923894,0,0,1,0,0,0,0,1,0,0,2,3,3,1,2,2,20190514,1,1,1,1
160,20190514,9662,8446,5691.482139118741,328,69912.2452730602,64220.76313394145,0,0,0,0,1,0,0,0,1,0,0,0,0,0,0,0,20190514,0,0,0,2
161,20190514,107050,96278,74581.1294730793,3553,695137.9048131771,620556.7753400977,0,0,0,0,1,0,0,1,0,0,2,3,3,1,2,2,20190514,1,1,1,1
162,20190514,4896,4244,4188.36272049476,218,43175.3763850559,38987.013664561135,1,0,0,0,0,0,0,0,1,0,0,0,0,0,0,0,20190514,0,0,0,2
163,20190514,47154,42466,42267.419880717,1946,417872.84369302704,375605.42381231004,1,0,0,0,0,0,0,1,0,0,1,1,1,0,1,1,20190514,0,0,0,7
164,20190514,5108,4454,1586.34723638324,121,25902.075498858398,24315.728262475157,0,1,0,0,0,0,0,0,1,0,0,0,0,0,0,0,20190514,0,0,0,2
165,20190514,42807,38501,20799.462643869098,1033,212631.28899338,191831.8263495109,0,1,0,0,0,0,0,1,0,0,0,1,1,0,0,0,20190514,0,0,0,2
166,20190514,3004,2614,2040.0975171147898,40,8384.68716242005,6344.589645305261,0,0,0,1,0,0,0,0,1,0,0,0,0,0,0,0,20190514,0,0,0,2
167,20190514,27156,24398,17346.8641217226,453,99839.8195901574,82492.95546843481,0,0,0,1,0,0,0,1,0,0,0,1,1,0,0,0,20190514,0,0,0,2
168,20190515,20028,17389,20232.2044515982,1391,305367.964379583,285135.7599279848,0,0,0,0,0,1,0,0,1,0,0,1,0,0,1,0,20190515,0,0,0,3
169,20190515,184866,166426,218406.793008837,12307,2218132.67346305,1999725.880454213,0,0,0,0,0,1,0,1,0,0,6,5,5,4,7,6,20190515,4,4,4,0
170,20190515,9448,8234,5939.01880884788,303,63224.4542808308,57285.43547198292,0,0,1,0,0,0,0,0,1,0,0,0,0,0,0,0,20190515,0,0,0,2
171,20190515,85228,76459,67593.7523519002,2693,544291.271889705,476697.51953780476,0,0,1,0,0,0,0,1,0,0,2,2,2,1,1,2,20190515,1,1,1,7
172,20190515,7862,6841,5013.2739623074895,279,58671.4512207716,53658.177258464115,0,0,0,0,1,0,0,0,1,0,0,0,0,0,0,0,20190515,0,0,0,2
173,20190515,91266,82317,73373.8787815472,2956,623645.500627141,550271.6218455938,0,0,0,0,1,0,0,1,0,0,2,3,3,1,2,2,20190515,1,1,1,1
174,20190515,3743,3311,3273.33283821521,167,37123.720049718395,33850.387211503185,1,0,0,0,0,0,0,0,1,0,0,0,0,0,0,0,20190515,0,0,0,2
175,20190515,36805,33151,37365.6013880442,1477,288178.656535868,250813.05514782382,1,0,0,0,0,0,0,1,0,0,1,1,1,0,0,1,20190515,0,0,0,3
176,20190515,3666,3187,1313.38534206502,108,23018.6737928128,21705.28845074778,0,1,0,0,0,0,0,0,1,0,0,0,0,0,0,0,20190515,0,0,0,2
177,20190515,36893,33260,16567.155862926,912,201091.718958305,184524.56309537898,0,1,0,0,0,0,0,1,0,0,0,1,1,0,0,0,20190515,0,0,0,2
178,20190515,3889,3360,2666.76266753609,70,14549.5903926596,11882.82772512351,0,0,0,1,0,0,0,0,1,0,0,0,0,0,0,0,20190515,0,0,0,2
179,20190515,32196,29025,25954.4729032586,505,109762.536947899,83808.0640446404,0,0,0,1,0,0,0,1,0,0,0,1,1,0,0,0,20190515,0,0,0,2
180,20190516,19499,17053,23629.455066284398,1406,283063.089122207,259433.63405592262,0,0,0,0,0,1,0,0,1,0,0,0,0,0,1,0,20190516,0,0,0,3
181,20190516,182492,164315,210560.074860746,12099,2372885.35026886,2162325.275408114,0,0,0,0,0,1,0,1,0,0,5,5,5,4,8,5,20190516,4,4,4,0
182,20190516,10327,9042,7288.16247147772,387,84707.906422498,77419.74395102028,0,0,1,0,0,0,0,0,1,0,0,0,0,0,0,0,20190516,0,0,0,2
183,20190516,94656,85168,56498.5428918563,3009,581027.788962762,524529.2460709057,0,0,1,0,0,0,0,1,0,0,2,3,3,1,2,2,20190516,1,1,1,7
184,20190516,9577,8349,7427.20308946756,350,71051.5706460924,63624.367556624835,0,0,0,0,1,0,0,0,1,0,0,0,0,0,0,0,20190516,0,0,0,2
185,20190516,81091,72929,66297.5982621148,2625,554764.61501859,488467.0167564752,0,0,0,0,1,0,0,1,0,0,2,2,2,1,1,2,20190516,1,1,1,7
186,20190516,3925,3433,3429.31300902995,169,35833.0513483007,32403.738339270752,1,0,0,0,0,0,0,0,1,0,0,0,0,0,0,0,20190516,0,0,0,2
187,20190516,44391,39977,37977.202735459905,1787,399821.940752348,361844.7380168881,1,0,0,0,0,0,0,1,0,0,1,1,1,0,1,1,20190516,0,0,0,3
188,20190516,5432,4748,2608.21112454398,167,34596.2372292748,31988.026104730816,0,1,0,0,0,0,0,0,1,0,0,0,0,0,0,0,20190516,0,0,0,2
189,20190516,46502,41865,13194.801725136498,1081,230701.274727381,217506.47300224451,0,1,0,0,0,0,0,1,0,0,0,1,1,0,0,0,20190516,0,0,0,2
190,20190516,3409,3001,2240.54396586847,47,10246.0850141264,8005.54104825793,0,0,0,1,0,0,0,0,1,0,0,0,0,0,0,0,20190516,0,0,0,2
191,20190516,34285,30789,26258.0071489781,581,119374.711807806,93116.7046588279,0,0,0,1,0,0,0,1,0,0,0,1,1,0,0,0,20190516,0,0,0,2
192,20190517,15288,13396,17322.1086821912,1063,204068.44164026898,186746.33295807778,0,0,0,0,0,1,0,0,1,0,0,0,0,0,0,0,20190517,0,0,0,2
193,20190517,208736,187570,219866.011915925,13372,2892531.24734363,2672665.235427705,0,0,0,0,0,1,0,1,0,0,6,6,6,5,9,6,20190517,5,5,5,0
194,20190517,11042,9659,6190.98283515128,359,77878.0954899917,71687.11265484041,0,0,1,0,0,0,0,0,1,0,0,0,0,0,0,0,20190517,0,0,0,2
195,20190517,101727,91647,56892.195779482696,3307,685989.695346045,629097.4995665622,0,0,1,0,0,0,0,1,0,0,2,3,3,1,2,2,20190517,1,1,1,1
196,20190517,10695,9342,7691.0014913148,371,80639.51845634071,72948.5169650259,0,0,0,0,1,0,0,0,1,0,0,0,0,0,0,0,20190517,0,0,0,2
197,20190517,92161,82693,63066.0782222118,2934,645270.944010424,582204.8657882122,0,0,0,0,1,0,0,1,0,0,2,3,3,1,2,2,20190517,1,1,1,1
198,20190517,6263,5448,6534.86850558078,261,52495.3177946033,45960.44928902252,1,0,0,0,0,0,0,0,1,0,0,0,0,0,0,0,20190517,0,0,0,2
199,20190517,57500,51762,49455.462830592594,2381,462524.30713795795,413068.84430736536,1,0,0,0,0,0,0,1,0,0,1,2,2,1,1,1,20190517,1,1,1,7
200,20190517,4242,3657,1527.60155568094,89,19511.6095397069,17984.00798402596,0,1,0,0,0,0,0,0,1,0,0,0,0,0,0,0,20190517,0,0,0,2
201,20190517,36400,32750,19754.516160881998,926,201748.11043447698,181993.594273595,0,1,0,0,0,0,0,1,0,0,0,1,1,0,0,0,20190517,0,0,0,2
202,20190517,3027,2650,2352.49940598512,46,9699.64897975819,7347.149573773071,0,0,0,1,0,0,0,0,1,0,0,0,0,0,0,0,20190517,0,0,0,2
203,20190517,30196,27190,21465.9209468375,478,103825.99353282401,82360.0725859865,0,0,0,1,0,0,0,1,0,0,0,1,1,0,0,0,20190517,0,0,0,2
204,20190518,26232,22862,29602.7856281669,1810,369700.09610625205,340097.3104780851,0,0,0,0,0,1,0,0,1,0,1,1,1,0,1,1,20190518,0,0,0,21
205,20190518,217743,196048,270345.76306627603,14286,2961148.35044242,2690802.5873761442,0,0,0,0,0,1,0,1,0,0,7,6,6,5,9,7,20190518,5,5,5,0
206,20190518,12082,10543,6690.58781639327,398,84909.82971656299,78219.24190016973,0,0,1,0,0,0,0,0,1,0,0,0,0,0,0,0,20190518,0,0,0,2
207,20190518,118269,106341,62529.0453803281,3886,757380.002650908,694850.9572705799,0,0,1,0,0,0,0,1,0,0,2,3,3,1,2,2,20190518,1,1,1,1
208,20190518,11732,10252,8484.86350310827,406,91844.245457361,83359.38195425273,0,0,0,0,1,0,0,0,1,0,0,0,0,0,0,0,20190518,0,0,0,2
209,20190518,112014,100906,92196.38524610199,3662,778762.557170912,686566.17192481,0,0,0,0,1,0,0,1,0,0,2,3,3,1,2,2,20190518,1,1,1,1
210,20190518,7250,6368,7219.46361813843,282,54305.73277959559,47086.26916145717,1,0,0,0,0,0,0,0,1,0,0,0,0,0,0,0,20190518,0,0,0,2
211,20190518,71191,64021,66968.7400039652,2887,589982.943749969,523014.2037460038,1,0,0,0,0,0,0,1,0,0,2,2,2,1,2,2,20190518,1,1,1,7
212,20190518,5745,5019,1451.0969827033898,128,26972.1441713607,25521.047188657307,0,1,0,0,0,0,0,0,1,0,0,0,0,0,0,0,20190518,0,0,0,2
213,20190518,50347,45343,19810.443714722198,1243,262844.463015329,243034.01930060677,0,1,0,0,0,0,0,1,0,0,0,1,1,0,0,0,20190518,0,0,0,8
214,20190518,3757,3270,2526.19330585254,76,16365.331794355201,13839.13848850266,0,0,0,1,0,0,0,0,1,0,0,0,0,0,0,0,20190518,0,0,0,2
215,20190518,36815,33090,26721.073209038703,599,128217.432374893,101496.3591658543,0,0,0,1,0,0,0,1,0,0,0,1,1,0,0,0,20190518,0,0,0,2
216,20190519,25430,22211,28352.6232950816,1809,361579.858237716,333227.2349426344,0,0,0,0,0,1,0,0,1,0,1,1,1,0,1,1,20190519,0,0,0,3
217,20190519,219888,197991,280954.952682369,14497,3073974.49070368,2793019.538021311,0,0,0,0,0,1,0,1,0,0,7,6,6,5,9,7,20190519,5,5,5,0
218,20190519,12737,11113,7953.30750196548,493,108894.748506422,100941.44100445652,0,0,1,0,0,0,0,0,1,0,0,0,0,0,0,0,20190519,0,0,0,2
219,20190519,113247,101875,63684.8111621919,3787,835279.052458896,771594.241296704,0,0,1,0,0,0,0,1,0,0,2,3,3,1,3,2,20190519,1,1,1,1
220,20190519,10289,8927,8137.700347325191,328,65697.6671454248,57559.96679809961,0,0,0,0,1,0,0,0,1,0,0,0,0,0,0,0,20190519,0,0,0,2
221,20190519,111859,100715,82307.8249083797,3609,757058.2318754441,674750.4069670644,0,0,0,0,1,0,0,1,0,0,2,3,3,1,2,2,20190519,1,1,1,1
222,20190519,5388,4715,5095.897709656971,239,49085.692150079696,43989.794440422724,1,0,0,0,0,0,0,0,1,0,0,0,0,0,0,0,20190519,0,0,0,2
223,20190519,60677,54627,56252.332087728304,2514,522573.734301086,466321.4022133577,1,0,0,0,0,0,0,1,0,0,2,2,2,1,1,2,20190519,1,1,1,7
224,20190519,5109,4424,1870.5726570033398,149,30371.589740929103,28501.017083925763,0,1,0,0,0,0,0,0,1,0,0,0,0,0,0,0,20190519,0,0,0,2
225,20190519,45662,41104,15996.096815211102,1152,242684.428403848,226688.3315886369,0,1,0,0,0,0,0,1,0,0,0,1,1,0,0,0,20190519,0,0,0,2
226,20190519,3159,2791,2361.7909541559,52,10370.5603139075,8008.769359751599,0,0,0,1,0,0,0,0,1,0,0,0,0,0,0,0,20190519,0,0,0,2
227,20190519,30019,27035,27505.1453306909,529,108388.75675296801,80883.61142227711,0,0,0,1,0,0,0,1,0,0,1,1,1,0,0,1,20190519,0,0,0,2
228,20190520,21212,18590,23445.3106428848,1505,312370.28518550604,288924.97454262123,0,0,0,0,0,1,0,0,1,0,0,1,1,0,1,0,20190520,0,0,0,3
229,20190520,212931,191802,242080.919178275,14060,2717429.77729168,2475348.8581134053,0,0,0,0,0,1,0,1,0,0,6,6,6,5,8,6,20190520,5,5,5,0
230,20190520,8918,7807,4634.27806363002,296,62609.9423401796,57975.66427654958,0,0,1,0,0,0,0,0,1,0,0,0,0,0,0,0,20190520,0,0,0,2
231,20190520,119203,107137,72672.0743110786,4042,869028.536497582,796356.4621865033,0,0,1,0,0,0,0,1,0,0,2,3,3,1,3,2,20190520,1,1,1,20
232,20190520,11014,9577,7337.812983018579,383,86964.1831363198,79626.37015330122,0,0,0,0,1,0,0,0,1,0,0,0,0,0,0,0,20190520,0,0,0,2
233,20190520,111073,100048,89584.3434726193,3559,708670.879255406,619086.5357827867,0,0,0,0,1,0,0,1,0,0,2,3,3,1,2,2,20190520,1,1,1,1
234,20190520,4953,4315,4406.06215687063,204,42865.5023525215,38459.44019565087,1,0,0,0,0,0,0,0,1,0,0,0,0,0,0,0,20190520,0,0,0,2
235,20190520,42946,38707,40433.6248291254,1744,348670.45859092,308236.8337617946,1,0,0,0,0,0,0,1,0,0,1,1,1,0,1,1,20190520,0,0,0,8
236,20190520,5302,4644,1871.3527507145102,132,29523.9956982935,27652.64294757899,0,1,0,0,0,0,0,0,1,0,0,0,0,0,0,0,20190520,0,0,0,2
237,20190520,45783,41239,24959.262050200297,1159,222059.752327853,197100.4902776527,0,1,0,0,0,0,0,1,0,0,0,1,1,0,0,0,20190520,0,0,0,2
238,20190520,4456,3867,2728.6499415639,77,15564.2949448194,12835.6450032555,0,0,0,1,0,0,0,0,1,0,0,0,0,0,0,0,20190520,0,0,0,2
239,20190520,38379,34503,28869.9595376838,667,146056.539275402,117186.5797377182,0,0,0,1,0,0,0,1,0,0,1,1,1,0,0,1,20190520,0,0,0,2
240,20190521,20336,17741,25347.6843043548,1455,325116.31246114,299768.62815678515,0,0,0,0,0,1,0,0,1,0,0,1,1,0,1,0,20190521,0,0,0,3
241,20190521,200142,179992,227893.206374458,13293,2633841.57257805,2405948.366203592,0,0,0,0,0,1,0,1,0,0,6,6,6,5,8,6,20190521,5,4,4,0
242,20190521,12093,10589,7338.37545867864,441,91828.22404452741,84489.84858584877,0,0,1,0,0,0,0,0,1,0,0,0,0,0,0,0,20190521,0,0,0,2
243,20190521,110883,99815,62259.3747411304,3697,810707.3490794491,748447.9743383187,0,0,1,0,0,0,0,1,0,0,2,3,3,1,2,2,20190521,1,1,1,1
244,20190521,7771,6752,5755.137694371329,271,57157.7689033159,51402.63120894457,0,0,0,0,1,0,0,0,1,0,0,0,0,0,0,0,20190521,0,0,0,2
245,20190521,99897,89859,77502.937381885,3350,653677.007247041,576174.069865156,0,0,0,0,1,0,0,1,0,0,2,3,3,1,2,2,20190521,1,1,1,1
246,20190521,4843,4217,4222.584992545801,214,42528.3758700102,38305.790877464395,1,0,0,0,0,0,0,0,1,0,0,0,0,0,0,0,20190521,0,0,0,2
247,20190521,53085,47776,51025.2724526741,2185,445962.17108462204,394936.89863194793,1,0,0,0,0,0,0,1,0,0,1,1,1,1,1,1,20190521,1,1,1,7
248,20190521,4576,3992,1765.7594989909398,123,26717.5444776371,24951.78497864616,0,1,0,0,0,0,0,0,1,0,0,0,0,0,0,0,20190521,0,0,0,2
249,20190521,37063,33319,11597.5670846797,957,192042.808623371,180445.2415386913,0,1,0,0,0,0,0,1,0,0,0,1,1,0,0,0,20190521,0,0,0,2
250,20190521,3324,2926,2272.2844293988,53,10831.3155167186,8559.0310873198,0,0,0,1,0,0,0,0,1,0,0,0,0,0,0,0,20190521,0,0,0,2
251,20190521,28826,25957,16469.4322670008,531,120521.646148759,104052.2138817582,0,0,0,1,0,0,0,1,0,0,0,1,1,0,0,0,20190521,0,0,0,2
252,20190522,19230,16813,20605.3956866262,1342,297802.474691278,277197.0790046518,0,0,0,0,0,1,0,0,1,0,0,0,0,0,1,0,20190522,0,0,0,3
253,20190522,176551,159018,234218.770047695,11697,2503582.96077746,2269364.190729765,0,0,0,0,0,1,0,1,0,0,6,5,5,4,8,6,20190522,4,4,4,0
254,20190522,7475,6502,4390.5787363788395,275,53690.901408120895,49300.322671742055,0,0,1,0,0,0,0,0,1,0,0,0,0,0,0,0,20190522,0,0,0,2
255,20190522,86954,78436,54855.967995192404,2932,679744.737268936,624888.7692737436,0,0,1,0,0,0,0,1,0,0,2,2,2,1,2,2,20190522,1,1,1,1
256,20190522,7172,6255,5129.618375450011,276,59218.4171844667,54088.79880901669,0,0,0,0,1,0,0,0,1,0,0,0,0,0,0,0,20190522,0,0,0,2
257,20190522,85426,76794,59397.353393617195,2898,595387.539737365,535990.1863437478,0,0,0,0,1,0,0,1,0,0,2,2,2,1,2,2,20190522,1,1,1,7
258,20190522,3592,3163,2866.7803883978004,158,33322.4164644899,30455.636076092098,1,0,0,0,0,0,0,0,1,0,0,0,0,0,0,0,20190522,0,0,0,2
259,20190522,44755,40257,33150.6717523246,1873,356919.56480256,323768.8930502354,1,0,0,0,0,0,0,1,0,0,1,1,1,0,1,1,20190522,0,0,0,7
260,20190522,3578,3132,1084.7089671959,96,19477.1617628625,18392.4527956666,0,1,0,0,0,0,0,0,1,0,0,0,0,0,0,0,20190522,0,0,0,2
261,20190522,32856,29543,16011.0917790973,864,188100.79015790398,172089.69837880667,0,1,0,0,0,0,0,1,0,0,0,1,1,0,0,0,20190522,0,0,0,2
262,20190522,3338,2919,2045.1253725244,51,10724.513567996999,8679.388195472598,0,0,0,1,0,0,0,0,1,0,0,0,0,0,0,0,20190522,0,0,0,2
263,20190522,31616,28439,23728.3901761075,488,106464.110676711,82735.72050060351,0,0,0,1,0,0,0,1,0,0,0,1,1,0,0,0,20190522,0,0,0,2
264,20190523,20778,18116,22626.345461496603,1474,298740.81783346104,276114.4723719644,0,0,0,0,0,1,0,0,1,0,0,1,1,0,1,0,20190523,0,0,0,3
265,20190523,181571,163237,227040.035560122,12547,2518226.46996069,2291186.434400568,0,0,0,0,0,1,0,1,0,0,6,5,5,4,8,6,20190523,4,4,4,0
266,20190523,8918,7804,6019.5211642335,342,72287.4514721771,66267.93030794359,0,0,1,0,0,0,0,0,1,0,0,0,0,0,0,0,20190523,0,0,0,2
267,20190523,87999,79382,67761.109170385,2882,578900.103968894,511138.994798509,0,0,1,0,0,0,0,1,0,0,2,2,2,1,2,2,20190523,1,1,1,7
268,20190523,8267,7221,4806.38706572721,295,57431.74278887019,52625.35572314298,0,0,0,0,1,0,0,0,1,0,0,0,0,0,0,0,20190523,0,0,0,2
269,20190523,92412,83162,67888.979099129,3125,681458.608390536,613569.6292914071,0,0,0,0,1,0,0,1,0,0,2,3,3,1,2,2,20190523,1,1,1,1
270,20190523,4138,3614,3827.0772034573497,174,33435.1960217377,29608.11881828035,1,0,0,0,0,0,0,0,1,0,0,0,0,0,0,0,20190523,0,0,0,2
271,20190523,46557,41905,48500.87676081769,1943,394411.526851171,345910.6500903533,1,0,0,0,0,0,0,1,0,0,1,1,1,0,1,1,20190523,0,0,0,3
272,20190523,3761,3312,1650.1393392015198,100,20607.3130495832,18957.17371038168,0,1,0,0,0,0,0,0,1,0,0,0,0,0,0,0,20190523,0,0,0,2
273,20190523,33357,29870,11031.527799906298,855,155581.547759432,144550.0199595257,0,1,0,0,0,0,0,1,0,0,0,1,1,0,0,0,20190523,0,0,0,2
274,20190523,3053,2646,2188.72079004527,49,10510.8344432968,8322.11365325153,0,0,0,1,0,0,0,0,1,0,0,0,0,0,0,0,20190523,0,0,0,2
275,20190523,24265,21814,15465.5544770048,421,89880.6736486341,74415.1191716293,0,0,0,1,0,0,0,1,0,0,0,1,1,0,0,0,20190523,0,0,0,2
276,20190524,18908,16421,21679.600732477,1340,275409.19645854697,253729.59572606997,0,0,0,0,0,1,0,0,1,0,0,0,0,0,0,0,20190524,0,0,0,3
277,20190524,196600,176800,220995.54436882603,13476,2596039.73892407,2375044.194555244,0,0,0,0,0,1,0,1,0,0,6,6,6,5,8,6,20190524,5,4,4,0
278,20190524,13387,11698,7467.475775450459,498,96765.28919314961,89297.81341769916,0,0,1,0,0,0,0,0,1,0,0,0,0,0,0,0,20190524,0,0,0,2
279,20190524,100747,90777,72843.2655825778,3538,721245.747923533,648402.4823409552,0,0,1,0,0,0,0,1,0,0,2,3,3,1,2,2,20190524,1,1,1,1
280,20190524,9570,8350,5582.42081215825,347,66200.3169640165,60617.89615185825,0,0,0,0,1,0,0,0,1,0,0,0,0,0,0,0,20190524,0,0,0,2
281,20190524,102421,92317,80103.9791286072,3560,713879.8355954641,633775.8564668569,0,0,0,0,1,0,0,1,0,0,2,3,3,1,2,2,20190524,1,1,1,1
282,20190524,4985,4326,3620.51438611308,221,49253.143961717804,45632.629575604726,1,0,0,0,0,0,0,0,1,0,0,0,0,0,0,0,20190524,0,0,0,2
283,20190524,54870,49339,44467.561774264504,2268,451877.087433407,407409.5256591425,1,0,0,0,0,0,0,1,0,0,1,2,2,1,1,1,20190524,1,1,1,7
284,20190524,3791,3324,1519.56182308359,134,28162.0064569707,26642.44463388711,0,1,0,0,0,0,0,0,1,0,0,0,0,0,0,0,20190524,0,0,0,2
285,20190524,38634,34796,15391.555110618101,1015,204581.67043686,189190.1153262419,0,1,0,0,0,0,0,1,0,0,0,1,1,0,0,0,20190524,0,0,0,2
286,20190524,3804,3360,2740.6787962692897,61,13024.958604776,10284.279808506712,0,0,0,1,0,0,0,0,1,0,0,0,0,0,0,0,20190524,0,0,0,2
287,20190524,31566,28402,21577.7372112296,554,118096.236270024,96518.4990587944,0,0,0,1,0,0,0,1,0,0,0,1,1,0,0,0,20190524,0,0,0,2
288,20190525,19662,17153,21049.992415572,1450,288541.610995031,267491.618579459,0,0,0,0,0,1,0,0,1,0,0,0,0,0,1,0,20190525,0,0,0,3
289,20190525,226333,203835,259956.88329034802,15660,3448912.03139622,3188955.148105872,0,0,0,0,0,1,0,1,0,0,6,6,6,5,10,6,20190525,5,6,6,0
290,20190525,10348,9061,5391.11562367438,383,82245.4774234669,76854.36179979252,0,0,1,0,0,0,0,0,1,0,0,0,0,0,0,0,20190525,0,0,0,2
291,20190525,114445,103170,80746.2563699554,3833,816378.4553041641,735632.1989342087,0,0,1,0,0,0,0,1,0,0,2,3,3,1,2,2,20190525,1,1,1,1
292,20190525,11534,10127,5810.213755614971,401,88072.43067475439,82262.21691913942,0,0,0,0,1,0,0,0,1,0,0,0,0,0,0,0,20190525,0,0,0,2
293,20190525,120523,108452,98200.089261861,4299,945375.249813713,847175.1605518521,0,0,0,0,1,0,0,1,0,0,3,3,3,1,3,3,20190525,1,1,1,20
294,20190525,6945,6087,6441.46439087685,350,71565.0779990067,65123.61360812985,1,0,0,0,0,0,0,0,1,0,0,0,0,0,0,0,20190525,0,0,0,2
295,20190525,67743,60973,56636.554057793204,2943,638885.373932373,582248.8198745798,1,0,0,0,0,0,0,1,0,0,2,2,2,1,2,2,20190525,1,1,1,1
296,20190525,4394,3824,1649.7809243463,110,23436.2168242561,21786.435899909797,0,1,0,0,0,0,0,0,1,0,0,0,0,0,0,0,20190525,0,0,0,2
297,20190525,41363,37298,18351.2669683947,1106,217695.29784934898,199344.0308809543,0,1,0,0,0,0,0,1,0,0,0,1,1,0,0,0,20190525,0,0,0,2
298,20190525,4277,3693,3364.15952164711,92,20357.1210764438,16992.96155479669,0,0,0,1,0,0,0,0,1,0,0,0,0,0,0,0,20190525,0,0,0,2
299,20190525,40053,36099,27582.8518971444,706,138469.267714049,110886.4158169046,0,0,0,1,0,0,0,1,0,0,1,1,1,0,0,1,20190525,0,0,0,2
300,20190526,23915,20962,27740.0577754312,1757,380381.448489688,352641.3907142568,0,0,0,0,0,1,0,0,1,0,1,1,1,0,1,1,20190526,0,0,0,3
301,20190526,237755,214040,318110.422728582,16370,3420219.66238614,3102109.239657558,0,0,0,0,0,1,0,1,0,0,7,6,6,6,10,7,20190526,6,6,6,0
302,20190526,11422,9965,6228.75877261385,385,79477.5439287044,73248.78515609055,0,0,1,0,0,0,0,0,1,0,0,0,0,0,0,0,20190526,0,0,0,2
303,20190526,114032,102645,71499.6304099586,3942,805809.618227658,734309.9878176993,0,0,1,0,0,0,0,1,0,0,2,3,3,1,2,2,20190526,1,1,1,1
304,20190526,11141,9812,8581.378316668579,386,83444.8822192624,74863.50390259383,0,0,0,0,1,0,0,0,1,0,0,0,0,0,0,0,20190526,0,0,0,2
305,20190526,112783,101572,86235.5134315208,3802,758518.741678395,672283.2282468742,0,0,0,0,1,0,0,1,0,0,2,3,3,1,2,2,20190526,1,1,1,1
306,20190526,6381,5587,5473.85115527322,312,67176.4753952004,61702.62423992717,1,0,0,0,0,0,0,0,1,0,0,0,0,0,0,0,20190526,0,0,0,2
307,20190526,51523,46274,51168.3496762234,2290,493753.185463919,442584.8357876956,1,0,0,0,0,0,0,1,0,0,1,1,1,1,1,1,20190526,1,1,1,7
308,20190526,6131,5402,1913.3506933494198,180,37342.500187197205,35429.149493847784,0,1,0,0,0,0,0,0,1,0,0,0,0,0,0,0,20190526,0,0,0,2
309,20190526,48923,44036,21654.5501615793,1264,261963.523231405,240308.9730698257,0,1,0,0,0,0,0,1,0,0,0,1,1,0,0,0,20190526,0,0,0,8
310,20190526,3124,2715,2143.9457928645397,52,10775.4498072346,8631.50401437006,0,0,0,1,0,0,0,0,1,0,0,0,0,0,0,0,20190526,0,0,0,2
311,20190526,30614,27609,18126.8471472704,510,106079.814981259,87952.9678339886,0,0,0,1,0,0,0,1,0,0,0,1,1,0,0,0,20190526,0,0,0,2
312,20190527,20588,18005,22836.6212731949,1581,305036.259363671,282199.6380904761,0,0,0,0,0,1,0,0,1,0,0,1,1,0,1,0,20190527,0,0,0,3
313,20190527,232338,209088,242481.55447769,16341,3237354.15481801,2994872.6003403203,0,0,0,0,0,1,0,1,0,0,6,6,6,6,10,6,20190527,6,5,5,0
314,20190527,12111,10560,7524.43847174045,401,84635.6805131131,77111.24204137265,0,0,1,0,0,0,0,0,1,0,0,0,0,0,0,0,20190527,0,0,0,2
315,20190527,108064,97142,65949.30289581009,3794,775561.6130552341,709612.310159424,0,0,1,0,0,0,0,1,0,0,2,3,3,1,2,2,20190527,1,1,1,1
316,20190527,12053,10495,7981.394093228349,463,96680.70929075811,88699.31519752977,0,0,0,0,1,0,0,0,1,0,0,0,0,0,0,0,20190527,0,0,0,2
317,20190527,112696,101421,76293.6490710955,3894,838229.0111887809,761935.3621176854,0,0,0,0,1,0,0,1,0,0,2,3,3,1,3,2,20190527,1,1,1,1
318,20190527,6122,5349,5803.36297817297,299,60696.2602010561,54892.89722288313,1,0,0,0,0,0,0,0,1,0,0,0,0,0,0,0,20190527,0,0,0,2
319,20190527,55964,50286,44210.2988342477,2572,557908.3602314839,513698.06139723625,1,0,0,0,0,0,0,1,0,0,1,2,2,1,2,1,20190527,1,1,1,7
320,20190527,5360,4694,2090.2477061531,143,28369.1449175722,26278.897211419102,0,1,0,0,0,0,0,0,1,0,0,0,0,0,0,0,20190527,0,0,0,2
321,20190527,48179,43387,17401.6913761901,1263,272376.01565345604,254974.32427726593,0,1,0,0,0,0,0,1,0,0,0,1,1,0,0,0,20190527,0,0,0,2
322,20190527,2913,2576,2071.4431647285896,57,11408.0479033225,9336.604738593911,0,0,0,1,0,0,0,0,1,0,0,0,0,0,0,0,20190527,0,0,0,2
323,20190527,26898,24150,14850.744946251001,462,93080.2674683842,78229.52252213321,0,0,0,1,0,0,0,1,0,0,0,1,1,0,0,0,20190527,0,0,0,2
324,20190528,18810,16512,22892.708918496402,1392,272349.947868748,249457.23895025157,0,0,0,0,0,1,0,0,1,0,0,0,0,0,0,0,20190528,0,0,0,3
325,20190528,201904,181649,235745.805247477,14085,3023282.86739211,2787537.0621446334,0,0,0,0,0,1,0,1,0,0,6,6,6,5,9,6,20190528,5,5,5,0
326,20190528,8831,7747,4328.19469920766,371,71661.07230281491,67332.87760360725,0,0,1,0,0,0,0,0,1,0,0,0,0,0,0,0,20190528,0,0,0,2
327,20190528,105039,94447,81322.0928463565,3701,765382.356070673,684060.2632243165,0,0,1,0,0,0,0,1,0,0,2,3,3,1,2,2,20190528,1,1,1,1
328,20190528,10000,8689,8400.183232485491,407,80968.79868601651,72568.61545353102,0,0,0,0,1,0,0,0,1,0,0,0,0,0,0,0,20190528,0,0,0,2
329,20190528,101611,91553,67962.5226071025,3577,717157.240855484,649194.7182483815,0,0,0,0,1,0,0,1,0,0,2,3,3,1,2,2,20190528,1,1,1,1
330,20190528,4069,3547,4012.19350413113,195,40928.4146825234,36916.22117839227,1,0,0,0,0,0,0,0,1,0,0,0,0,0,0,0,20190528,0,0,0,2
331,20190528,41178,37061,30924.7796509516,1762,405114.714863051,374189.9352120994,1,0,0,0,0,0,0,1,0,0,1,1,1,0,1,1,20190528,0,0,0,3
332,20190528,4685,4106,1613.26044495919,137,31089.802433539,29476.54198857981,0,1,0,0,0,0,0,0,1,0,0,0,0,0,0,0,20190528,0,0,0,2
333,20190528,44427,39931,16705.0033830577,1164,236864.95993461699,220159.95655155927,0,1,0,0,0,0,0,1,0,0,0,1,1,0,0,0,20190528,0,0,0,2
334,20190528,3486,3056,2141.7043698539,63,12919.854805261699,10778.150435407799,0,0,0,1,0,0,0,0,1,0,0,0,0,0,0,0,20190528,0,0,0,2
335,20190528,31947,28618,23281.637645836097,579,113942.25784976801,90660.6202039319,0,0,0,1,0,0,0,1,0,0,0,1,1,0,0,0,20190528,0,0,0,2
336,20190529,16301,14308,19948.9503212978,1218,261736.77652669,241787.8262053922,0,0,0,0,0,1,0,0,1,0,0,0,0,0,0,0,20190529,0,0,0,8
337,20190529,185782,167054,206662.678218588,13062,2860645.42434858,2653982.7461299924,0,0,0,0,0,1,0,1,0,0,5,5,5,4,9,5,20190529,4,5,5,0
338,20190529,8885,7757,6228.478121849611,348,73166.4055005126,66937.927378663,0,0,1,0,0,0,0,0,1,0,0,0,0,0,0,0,20190529,0,0,0,2
339,20190529,96645,87010,65441.60137264599,3490,740695.5327834879,675253.9314108419,0,0,1,0,0,0,0,1,0,0,2,3,3,1,2,2,20190529,1,1,1,1
340,20190529,8300,7249,6135.635675546489,323,63242.2605515596,57106.62487601311,0,0,0,0,1,0,0,0,1,0,0,0,0,0,0,0,20190529,0,0,0,2
341,20190529,83584,75338,67132.878132001,3046,640597.79575541,573464.917623409,0,0,0,0,1,0,0,1,0,0,2,2,2,1,2,2,20190529,1,1,1,1
342,20190529,4964,4324,4310.6641605215,259,55460.303507215496,51149.639346694,1,0,0,0,0,0,0,0,1,0,0,0,0,0,0,0,20190529,0,0,0,2
343,20190529,44305,39831,41236.6736083539,1946,373536.635193624,332299.9615852701,1,0,0,0,0,0,0,1,0,0,1,1,1,0,1,1,20190529,0,0,0,3
344,20190529,3443,2971,861.2436318198789,85,18097.6641073888,17236.42047556892,0,1,0,0,0,0,0,0,1,0,0,0,0,0,0,0,20190529,0,0,0,2
345,20190529,31380,28247,10360.011834941,799,166569.735420318,156209.723585377,0,1,0,0,0,0,0,1,0,0,0,1,1,0,0,0,20190529,0,0,0,2
346,20190529,3284,2875,2437.8097956771,58,10637.806921851601,8199.997126174501,0,0,0,1,0,0,0,0,1,0,0,0,0,0,0,0,20190529,0,0,0,2
347,20190529,28237,25319,23939.7332510419,484,94031.7032657996,70091.97001475771,0,0,0,1,0,0,0,1,0,0,0,1,1,0,0,0,20190529,0,0,0,2
348,20190530,15648,13689,15600.0365086252,1224,253450.85950955897,237850.82300093377,0,0,0,0,0,1,0,0,1,0,0,0,0,0,0,0,20190530,0,0,0,8
349,20190530,180330,162165,217856.63619128,12961,2455996.82014458,2238140.1839533,0,0,0,0,0,1,0,1,0,0,6,5,5,4,8,6,20190530,4,4,4,0
350,20190530,9326,8139,6259.46124148485,371,78035.2408531416,71775.77961165675,0,0,1,0,0,0,0,0,1,0,0,0,0,0,0,0,20190530,0,0,0,2
351,20190530,87601,78859,47723.060651709406,3183,665332.554540263,617609.4938885536,0,0,1,0,0,0,0,1,0,0,1,2,2,1,2,1,20190530,1,1,1,1
352,20190530,10180,8886,8131.12653459721,372,71421.3259575245,63290.1994229273,0,0,0,0,1,0,0,0,1,0,0,0,0,0,0,0,20190530,0,0,0,2
353,20190530,95995,86439,61548.647731523204,3492,791752.6249575979,730203.9772260748,0,0,0,0,1,0,0,1,0,0,2,3,3,1,2,2,20190530,1,1,1,1
354,20190530,4316,3714,3732.60460795601,197,38614.6187196844,34882.014111728386,1,0,0,0,0,0,0,0,1,0,0,0,0,0,0,0,20190530,0,0,0,2
355,20190530,48190,43351,42704.2164111034,2155,453264.30013452296,410560.0837234196,1,0,0,0,0,0,0,1,0,0,1,1,1,1,1,1,20190530,1,1,1,7
356,20190530,3137,2727,1088.57917420032,87,19285.6637591316,18197.08458493128,0,1,0,0,0,0,0,0,1,0,0,0,0,0,0,0,20190530,0,0,0,2
357,20190530,30207,27207,13387.457323848701,809,168113.567636123,154726.1103122743,0,1,0,0,0,0,0,1,0,0,0,1,1,0,0,0,20190530,0,0,0,2
358,20190530,3200,2770,2578.67884196854,59,12347.1853552362,9768.506513267661,0,0,0,1,0,0,0,0,1,0,0,0,0,0,0,0,20190530,0,0,0,2
359,20190530,25788,23214,15932.2578097987,448,92438.253156574,76505.99534677531,0,0,0,1,0,0,0,1,0,0,0,1,1,0,0,0,20190530,0,0,0,2
360,20190531,15609,13630,18049.2110171074,1210,250720.809383555,232671.5983664476,0,0,0,0,0,1,0,0,1,0,0,0,0,0,0,0,20190531,0,0,0,8
361,20190531,214844,193288,260408.796038633,15544,3153437.43614131,2893028.6401026766,0,0,0,0,0,1,0,1,0,0,6,6,6,5,9,6,20190531,5,5,5,0
362,20190531,9205,8057,4319.714117387671,381,81945.9058721226,77626.19175473493,0,0,1,0,0,0,0,0,1,0,0,0,0,0,0,0,20190531,0,0,0,2
363,20190531,109280,98540,72498.2373598095,3897,784304.99837548,711806.7610156705,0,0,1,0,0,0,0,1,0,0,2,3,3,1,2,2,20190531,1,1,1,1
364,20190531,13604,11958,10361.8166946984,538,111547.904664688,101186.0879699896,0,0,0,0,1,0,0,0,1,0,0,0,0,0,0,0,20190531,0,0,0,2
365,20190531,105870,95143,51157.3473045957,3852,817233.7278506659,766076.3805460702,0,0,0,0,1,0,0,1,0,0,1,3,3,1,3,1,20190531,1,1,1,1
366,20190531,4846,4268,4189.19136634394,218,46834.5614861331,42645.37011978916,1,0,0,0,0,0,0,0,1,0,0,0,0,0,0,0,20190531,0,0,0,2
367,20190531,52765,47560,49945.83745081731,2382,502611.05892076204,452665.22146994475,1,0,0,0,0,0,0,1,0,0,1,1,1,1,1,1,20190531,1,1,1,7
368,20190531,3220,2804,1300.3935028327,95,19637.8743123185,18337.4808094858,0,1,0,0,0,0,0,0,1,0,0,0,0,0,0,0,20190531,0,0,0,2
369,20190531,29971,26943,10280.2129390156,767,157136.62190515,146856.40896613442,0,1,0,0,0,0,0,1,0,0,0,1,1,0,0,0,20190531,0,0,0,2
370,20190531,4596,3986,3389.56288826847,103,21194.380854238898,17804.81796597043,0,0,0,1,0,0,0,0,1,0,0,0,0,0,0,0,20190531,0,0,0,2
371,20190531,45121,40554,26687.246918083598,874,172630.060237666,145942.8133195824,0,0,0,1,0,0,0,1,0,0,0,1,1,0,0,0,20190531,0,0,0,2
